rank,entrant_id,name,elo,sets_played
1,1216463,LRA | Syrup,2207.5,156
2,370802,CTG | Zomba,2161.8,250
3,2831089,Bubbs,2159.3,998
4,58121,Ling,2130.9,262
5,1005189,SBU | Quidd,2124.1,266
6,1972274,Raccoon | Cody,2118.5,402
7,2220603,FORTUNE | DWTW | Fhantum,2115.3,212
8,46517,Tony Pajamas,2042.1,148
9,414731,EMPIRE | PkChris,2035.1,276
10,158871,ShopifyRebels | Light,2010.6,66
11,156255,Phantom,2003.2,51
12,2519248,Team Vars | Free KayFlock,2000.9,1637
13,241491,MOB | Myles,1996.6,1064
14,3662307,Moist | Light,1994.7,41
15,1769202,VL | Aquaze,1973.1,157
16,1050386,ENC | Cee,1971.3,295
17,680006,FC | Wheezer,1969.3,601
18,252377,Slasher,1965.5,172
19,56497,Alo!,1964.9,90
20,3321192,FC FzP | Zuhiy,1963.3,196
21,737909,Fortune | StarZ,1950.7,64
22,15889,FC | Mr. E,1938.4,346
23,136534,NPT BBM | Beast,1933.3,277
24,1784114,SOUP-E | GRIT,1931.1,308
25,919736,ZeroTwoNone,1930.0,158
26,2520770,CHP | Smurfposter,1929.5,172
27,1212255,Interrobang,1928.2,132
28,233318,PAG AoC | Gaius,1926.7,122
29,1064188,The Superberry,1923.6,282
30,981752,Tano,1921.8,170
31,182912,Steelix,1916.6,146
32,1071129,Pharaoh,1914.1,82
33,1802371,TheBluntOgre,1909.2,112
34,415862,reed,1905.8,1370
35,61591,DA EMP | Sinji,1899.9,104
36,1290320,7DaysFREE | AmericanWeeaboo,1894.9,142
37,1591717,FrBz | Keykard,1894.8,89
38,1412639,131 | xavier,1893.7,82
39,464995,Bandon / Elam,1887.4,66
40,1138799,9superpie,1887.2,101
41,1100022,LRA PAL | Lakia,1881.3,177
42,2048041,Green Guy,1880.8,132
43,143562,Sin | ZeldaPlayer,1880.0,180
44,220089,BlitzLuigy,1879.9,96
45,2010954,Char,1879.2,38
46,3097780,Loq | Seel,1879.2,260
47,1805037,THR l GRNT | TWICE(B),1873.7,171
48,152534,EMPIRE | SoulArts,1871.1,235
49,1467525,FREE AGENT | ZiggySmols(B),1870.5,307
50,1189720,TR | MBeniS | Marvale,1866.9,132
51,583155,MOB | Bobo,1866.8,1277
52,53621,Ho3K | John Numbers,1864.3,127
53,1852344,LRA | Karflo(B),1864.0,141
54,1810739,GuyGuy,1861.8,184
55,160103,Gen,1851.2,417
56,261992,Amaryllis,1849.2,201
57,2309083,WSU | PoppinXL,1846.5,29
58,2324329,GRNT | Virgo,1845.5,83
59,999566,FzP | LRA | TabSoda,1837.0,110
60,1331707,layla,1836.9,80
61,1334378,9th | Finn,1835.7,61
62,1703174,SJU | Taiyo,1826.6,105
63,265075,the wise cow | pango,1825.9,108
64,496339,Meli,1822.0,132
65,1692066,Jailbird | Yufine,1820.6,169
66,2516567,4Freddy! | Hikari,1817.9,255
67,2385861,SCB/Ug_nyc | FGCGambit,1817.6,203
68,1330121,Swigzy,1815.1,207
69,1608902,MikemasterX10,1811.5,123
70,228477,LRA_START,1809.8,202
71,1825040,GTH | vitz,1806.1,248
72,1650136,SBU | Amayne,1805.0,150
73,1224902,Night Shift | WebbJP,1803.7,101
74,1480033,Gh0st,1803.7,174
75,1087860,DTP,1802.3,118
76,2564154,Louis Dio,1802.2,117
77,780256,NiP,1802.2,666
78,1312764,<>< | Deception,1798.6,191
79,452907,Reilly(B),1796.5,160
80,35065,Artisan,1795.1,132
81,1641578,GRNT | Skew,1794.1,92
82,1112678,GRNT | FroggySTYL,1793.8,193
83,3743679,Shon | שון,1792.5,169
84,44379,Lito,1792.2,79
85,2842804,Redsaw,1789.4,518
86,2105718,H-Meister,1788.0,416
87,1005216,GRNT | Serta,1782.1,186
88,249887,ENC | Noku,1781.6,1063
89,616232,FzP | BeatyBean,1775.8,630
90,1224156,MMG+ | GRNT | Slade,1774.8,277
91,1793104,MiikeFromTheBronx,1774.7,62
92,390014,Reyluno,1773.2,116
93,380159,IMP | Zaxel,1772.2,152
94,3304742,Pizza Ant,1772.1,116
95,1700217,RW | Floppyfail,1769.5,432
96,2384793,SBU | Steve,1768.9,76
97,1244041,ToughLudwig,1768.5,132
98,1609925,MOB | Infernape,1765.6,1575
99,1463554,FzP | TW | MBS | SmashBros!,1758.6,232
100,1108399,cyanzura,1756.3,160
101,266015,FC | Stratas,1754.8,237
102,1593009,CHP | MomHunter9009,1749.7,59
103,16113,Raptor,1749.7,307
104,1430481,ARIES,1748.6,125
105,29243,ENC | Jaku,1748.3,102
106,2202094,CSH | Kayjun Lady,1746.5,347
107,774806,VB3,1746.2,134
108,719390,CHP | Conor McGregor,1744.4,27
109,155986,Chrin / GOGO,1744.4,442
110,1022822,GRNT | Mr.L,1739.3,71
111,185802,GTH | EJJ,1738.7,100
112,3032725,q2 | Judgy,1738.7,73
113,1662027,Seb Undeble,1737.5,150
114,606386,CJFrozen / Dany,1735.6,17
115,2858096,PUP | myles,1734.9,21
116,51901,Bachilles,1733.9,112
117,1452744,Cross,1732.4,110
118,147436,Hindsight,1729.3,186
119,2978333,WW | Fader,1726.4,76
120,266003,Smush | Burst,1726.0,125
121,229860,WKZ | Mega,1725.9,168
122,285520,Blank,1722.7,82
123,4992539,Val,1721.4,67
124,261142,Djohnmark,1720.1,436
125,1986069,GRNT | Jager,1718.6,328
126,1721948,Go Rangers | Queen,1716.7,246
127,1633924,ENC | Gabo,1713.8,516
128,1751649,Syn! | D.Danger,1713.0,882
129,1003161,ZXZ | The Hunter,1712.3,58
130,71401,UtopianRay,1711.4,129
131,757280,Kitty Princess,1711.0,147
132,1693402,Vinsmoke,1710.9,112
133,1529247,Mellow,1710.7,106
134,2980064,MMG+ | BIG CRUMB,1709.4,192
135,800407,Tom,1706.4,511
136,864900,Newgate,1706.2,94
137,245443,coffeebug,1700.5,678
138,147886,Xioli,1700.0,103
139,278439,FC | Haze,1699.4,108
140,160272,BAE | YBBurrus,1697.5,118
141,2243550,StarForce,1694.2,162
142,2583231,GRNT CHP VB3 | Louie,1693.6,201
143,240751,Team Wex | Wex,1693.4,248
144,1655542,DeLay,1692.2,197
145,70210,TRL,1688.3,77
146,1750056,SuperSanic21,1686.6,136
147,1070879,Trenko,1682.7,87
148,4317604,WHS | BETA,1681.0,141
149,649442,TK1,1679.9,1060
150,1053442,Baren,1679.6,155
151,1288104,SBU | vanchy,1676.4,137
152,4169797,lilpeep,1675.1,10
153,2465656,loq | gwyn,1675.0,36
154,4122369,HONOR/BTE | INVINCIBLE,1674.1,204
155,1229103,MOB | Eliakim,1671.7,691
156,1285194,trap queen,1670.6,240
157,39740,player 4,1669.8,101
158,3260808,PPP | Pineapple,1667.7,210
159,1902502,SBU | Saiyan Walk,1666.6,166
160,680481,LuffyMK,1666.1,25
161,1303313,Kqt | narrwall,1666.1,27
162,851857,ENC | SaladDressing,1665.2,66
163,1595628,FC | G-XTREME,1662.6,222
164,612997,SCB | Tito,1661.3,94
165,304973,OG | Zaphros,1661.0,178
166,1309314,slaying mantis,1658.3,82
167,1375338,TF0256,1658.3,69
168,1928105,JPN | KurtSwitch,1657.1,68
169,4689970,Free KayFlock,1657.1,8
170,1228156,Pado,1656.9,498
171,1510669,NotBae,1655.3,70
172,2195603,charszum,1653.5,278
173,1998572,amoxicillin | dish soap,1651.2,40
174,2252991,Comoli,1648.1,97
175,1648968,10K | Mulli$,1647.7,105
176,2232029,SBU | Pineapples,1646.7,60
177,265251,Deedha(B),1646.4,89
178,734353,WG | MintyFlesh,1645.5,138
179,824294,ET | GODwithinAnthony,1645.4,111
180,2151188,DumplingKing(B),1645.3,89
181,3436028,Rojo | Ajred,1645.2,127
182,3801556,Providence,1644.8,83
183,2925431,CHP | JAMES,1644.3,86
184,2892291,ȺͶŦI_UNKNOWN PlȺYER,1644.2,98
185,71570,TR | SlingShot(B),1644.2,85
186,1510743,MMG+ MBS | K1NG,1643.5,124
187,1296894,GTH | Justinjpeg,1642.6,110
188,850212,Balderdash,1640.1,236
189,4313177,Cookies,1639.8,92
190,2700639,Desimus,1639.6,78
191,1031044,benn 9 9 9,1638.1,86
192,1475247,Playmaker,1637.9,74
193,1471306,FSC | GRNT | Wildogz,1637.7,82
194,1307014,SOUP-E | Moat,1637.3,174
195,1063610,Onin,1637.2,6
196,1141005,Light's friend | Clive,1636.4,120
197,70832,Oatmeal,1636.0,46
198,230038,X,1635.9,76
199,1154793,DGS | spickles,1635.4,9
200,3446093,SBU | Bluespark7,1634.9,116
201,368063,C2F | Average Alex,1634.4,40
202,4008986,LYM? | Eleventy1,1633.8,18
203,2201580,TDC SJSU | Lammers44,1633.5,8
204,256474,dbfc | yoBBi,1633.2,180
205,325777,MOB | COLD,1632.4,204
206,1398715,Fizzystix,1630.8,178
207,1401818,Jefff,1630.6,70
208,1518438,SWR | Enriquethepigeon,1630.5,187
209,2598045,Menbow/めんぼぉ,1628.3,15
210,1121293,Val,1628.0,162
211,3620456,ZeroTwoNone,1625.5,15
212,370861,Sinai | Zenkai,1624.1,17
213,1992273,TXC | Geodash,1623.4,94
214,33900,BxBonobo | Kamex,1623.3,90
215,345023,GRNT | PC Ninja,1622.0,849
216,2167729,SCB | NinJenDo,1621.3,132
217,61785,G5 | Jack777,1620.9,24
218,219727,EZ | Killer,1620.8,42
219,4381444,YBG | Snowbunny Mind Control(A,1619.9,300
220,550127,WFP | CRB,1619.2,17
221,1762779,X!Akuma,1618.6,120
222,2129156,Stelter,1618.4,203
223,29244,DK DAN,1617.9,51
224,2087765,WU/MTLC/ML | TWITCHY!,1617.6,8
225,1157788,Glutamate,1616.2,113
226,341914,Triple A,1615.7,49
227,63962,ENC | Ice,1615.5,108
228,1719545,3U | Pado,1615.5,53
229,213342,PinkDocJ,1615.3,9
230,1758326,ebs | $hrutik,1615.0,20
231,1723671,dbfc | Caelifera,1614.6,36
232,1824970,KDE | Chappsticc,1612.8,329
233,2402885,BlueFlare,1611.2,94
234,1586470,Cipher,1608.7,116
235,2427279,GTN | ShoKhaizo,1607.7,66
236,1580089,DENIM CLUB | petebr0,1607.2,14
237,1590243,GS/HoM | Majestic Souls,1605.6,13
238,1350424,MHM | 天 | VulgarKaiju,1604.4,675
239,1183244,chancla,1604.4,98
240,2790597,Tr4sh | $Krilldog$,1601.7,85
241,2996581,PUP | Myles,1601.6,6
242,1811210,GTH | MBS | Bootleg,1600.9,83
243,499319,EDLN | Salt King,1600.0,22
244,2084157,PPA | Finraal,1599.6,53
245,937364,bran,1595.7,80
246,1659330,SamSam,1595.6,71
247,230304,GTH | LRA | Steven8er,1595.5,74
248,321425,Purity,1595.1,7
249,1250027,SnappleOK,1593.0,84
250,2650945,RISE|I am | The Devil,1592.6,126
251,753836,3D | Juuuuul,1590.7,8
252,796048,ENC | Drilago,1590.6,1175
253,1580144,Madasti,1590.5,72
254,1728859,GRNT | Swag Master,1590.5,127
255,1602986,SBU | BopIt!,1590.2,250
256,1531390,Fiestero,1590.2,171
257,1624931,Bionicle,1590.0,17
258,576268,LVD | Suarez,1588.7,10
259,2088174,GORDO | TFO256,1588.0,224
260,1077177,H2 | Moxort,1587.7,14
261,25509,OA|FC | Nexus,1586.7,11
262,29142,SENTRY | spoop,1586.7,19
263,525344,Tilde,1586.6,6
264,2035678,PeteMan23,1586.4,397
265,185040,Aero,1585.7,10
266,1012831,Friegg / Ho Chi ZYN,1585.2,10
267,1321838,Adam,1584.5,26
268,3249566,EDLN | Octo,1584.2,99
269,2006693,CHP | Relaxe,1582.0,335
270,2987715,GORDO | TFO256,1581.7,7
271,1731974,Ryan,1581.0,83
272,272462,Zoo,1580.8,65
273,1393892,Charles,1580.4,9
274,889148,Miss Input,1579.9,6
275,2178506,Swaggin | Disarming5,1578.5,61
276,2334632,MOB | Lemon,1576.2,22
277,1564320,Bozo,1575.9,6
278,5099409,REV | H-Meister,1575.7,6
279,1529812,FBI | MaouSilver,1575.4,337
280,1007323,SBU | Glial,1573.7,108
281,128671,QueVeen,1572.8,37
282,4557714,REV | LevelOne,1572.6,138
283,1308403,Wise,1571.9,10
284,1072988,ZekeReds,1571.1,140
285,2086800,RISE | Union X,1570.7,78
286,45894,TTD | $N,1570.7,175
287,4773,Phish-it,1570.4,10
288,3676808,q2 | Crescent | Ashi,1569.8,6
289,1191080,dbfc | LRA | Pardo,1569.7,290
290,1807531,CTG | AnthonyIsntCool,1569.5,6
291,1780695,LBE | Raybands,1569.1,103
292,261298,Booty / Karxm,1568.2,94
293,1174400,Soul Society | LazyZach,1568.1,6
294,467446,LoKi,1567.5,3
295,2263562,WE OUTSIDE | YoshiSonic,1566.8,80
296,2136075,G-Money,1564.6,142
297,1971465,Dededenied,1564.4,9
298,1112255,GIANT | fart,1564.1,102
299,3631801,domisBUGGIN22,1563.4,133
300,1007446,E_01,1562.9,5
301,3416651,WPC | FS | Rhinestone Lady,1562.2,103
302,427133,username,1560.8,185
303,4949496,SBU | Whimsicott,1560.5,82
304,1284430,Exia,1560.2,5
305,1099914,Bimbus,1559.8,75
306,1208753,Agua,1558.7,78
307,2024480,EVC | BB8,1558.0,53
308,244598,PSG | balls,1557.7,138
309,1770562,MOB | Loftz,1556.7,1171
310,65808,Glentendo / Wraith,1555.9,36
311,1246252,DUSK | Pugi,1555.2,10
312,331195,MikeMM,1554.2,30
313,1007420,KyleTM,1552.6,116
314,2993602,CCNY | EOI | Ebrima(A),1552.2,350
315,811118,Rigz / Kiranchi,1551.8,8
316,5544702,KDE | Chappsticc,1551.2,5
317,1625801,sorbi,1550.2,92
318,26047,Brave,1548.3,67
319,2867051,UNH | Breb,1548.2,84
320,4584629,Ornik,1547.3,198
321,1409025,nyKovah,1547.2,10
322,180459,Fence,1547.0,5
323,174987,ඞ | Caststarman,1546.6,75
324,69946,BACKTOTHELOOT,1546.5,61
325,1771679,ZeroTwoNone,1546.0,5
326,250040,ENC|MOB | LocalmanMatty,1545.6,567
327,1054597,Terence,1545.4,22
328,2461532,EGF | Roundens,1544.8,95
329,134891,GRNT | Jeans,1544.6,5
330,442000,HEYO | MojoGameSlayer,1544.1,2
331,2272295,LYM? | MM | Llama,1543.9,96
332,142720,Kiranchi,1542.6,3
333,512698,gaku,1538.9,3
334,991550,PhDream,1538.5,2
335,160229,Vent / innoxia,1538.2,84
336,509309,gm | trafe,1537.6,4
337,206240,CF | Phuzix,1537.4,7
338,143630,Don / Clive,1537.4,5
339,1011767,MBS | Sora_J,1537.3,4
340,1377718,Agua,1537.3,16
341,326148,DA | EMP | Venia,1536.9,4
342,970468,Iona University,1536.8,10
343,1468611,NMDusk,1536.5,142
344,1188970,DF | kirby509,1536.3,4
345,1810011,Yikes! ebs Kqt | FD,1535.2,6
346,146691,Rob Boss,1534.6,43
347,247544,OctopusMan,1534.5,2
348,1441832,TFO256,1534.1,6
349,1187549,Not | L7ogz,1534.1,4
350,825382,NEINx,1533.2,120
351,3800500,Aero,1532.5,4
352,5512295,Raptor,1532.3,4
353,345629,PCNinja,1532.2,58
354,3308794,Iona | Lubando,1532.1,9
355,3652196,Big Water,1531.7,5
356,5354854,Geodash,1531.3,2
357,3220848,Kelvin,1531.1,82
358,24211,SaltyFun,1528.8,42
359,3920247,Raptor,1528.7,5
360,3849122,MOB | GRNT | Chrin,1528.7,8
361,1083418,CRG/GRNT/MXC | Vapor,1527.9,4
362,3432322,NELSON (ネルソン),1527.9,357
363,2455865,Agua,1526.8,217
364,3533676,Maidenless | Shokaizo,1525.9,9
365,4928847,BB8,1525.2,4
366,1043822,Vestation,1524.9,79
367,1013628,Bolero,1524.5,9
368,1307109,CHP | Razzly,1524.0,73
369,4287882,Stelter,1523.4,4
370,4496420,Stelter,1523.4,4
371,2638518,REV | Brayden,1523.1,82
372,2195082,MemeMasterM,1523.1,93
373,569195,UU | Mizu,1522.7,8
374,4148594,Stelter,1522.7,4
375,49915,2can,1522.5,80
376,62609,ZSP | Fabiio,1522.0,4
377,1592885,Adam,1521.5,1
378,997455,8Tigre24,1521.3,2
379,2208713,backpak72,1521.0,59
380,901519,Lui-Jesus,1521.0,3
381,620017,MBS | xiii,1520.9,72
382,3440801,CHP | Moat,1520.9,4
383,45472,Council | TheBombBimbi,1520.8,1
384,1708766,p0wer,1520.8,6
385,3605541,Aero,1520.7,4
386,862970,muscle milk,1520.1,83
387,1565806,Charles,1520.1,1
388,22047,BRED,1520.1,7
389,2802053,Billio,1519.9,2
390,1669160,Mr.Stein,1519.9,89
391,2106082,butter,1519.8,2
392,1488238,Waypoint,1519.8,1
393,231718,Dralro,1519.3,45
394,339291,Ragnellrok / Tom,1519.2,3
395,4060299,GSG | Reed,1519.1,3
396,1751700,Kimboiyachi,1518.7,4
397,1039742,DA | Vice,1518.5,6
398,1601554,Status Quo,1518.1,1
399,1573466,TwoTone,1518.1,4
400,1586193,Cleaningproduct,1517.9,1
401,4281178,Deific,1517.5,8
402,2591464,TFO256,1517.4,1
403,1713130,LXX,1516.9,88
404,2473421,SwissWriter(B),1516.8,145
405,544841,Zio,1516.5,3
406,3796224,DEW | Hailfire,1516.4,4
407,1285987,HF,1515.8,1
408,2008062,Pango,1515.8,1
409,5297798,providence,1515.8,4
410,1066557,5LG | CSUF | Tact,1515.7,4
411,4148596,Stelter,1515.5,4
412,945989,AceAttorneyist,1515.4,5
413,849725,Arc | RyuuJin,1515.3,1
414,1593729,SwimTank | MOB | the drink,1515.0,938
415,1800430,YHWH | Attaboytom,1514.7,200
416,1459705,ryu,1514.5,1
417,2524731,REV | LevelOne,1514.0,111
418,1625762,AstroPokemonWorld,1513.9,9
419,5501427,Raptor,1513.7,3
420,1091411,IHL,1513.7,154
421,1036286,RoxasXIII,1513.3,1
422,145261,Edwin,1513.3,1
423,1738307,MikeyProHD,1513.1,1
424,2791128,franiss,1513.0,1
425,1332566,USA | Kibbss,1512.4,2
426,850428,Flo,1512.1,1
427,2086155,EMW Esports 2 | Lozman,1511.9,200
428,1609844,Premasaur,1511.8,1
429,1252101,Maxa,1511.6,85
430,1274,Black Mamba,1511.3,1
431,434393,TR | Xsage93,1511.3,1
432,276602,George,1511.3,1
433,2333297,Sinbad,1511.2,1
434,1586196,Status Quo,1511.1,1
435,26499,NA | Censored,1511.0,1
436,3765836,Stelter,1510.8,4
437,1441578,Happy Burns,1510.6,1
438,13612,Shuzen,1510.4,1
439,1601827,Lemon,1510.4,8
440,2636721,CURSE,1509.7,1
441,793599,Mr.Mudkip,1508.3,1
442,1017520,808s | Muted,1508.3,2
443,866133,CookingMama,1508.3,69
444,3281975,Meshy,1508.2,7
445,135614,PHNM | Storm,1508.2,5
446,1085224,slate,1508.1,8
447,2716663,PWDR | SavageCube,1507.6,1
448,1650939,Jay Razor,1507.6,3
449,1389046,norman,1507.5,1
450,3067169,GORDO | TFO256,1507.3,1
451,128740,NSM | Salty Fun,1507.3,2
452,1592950,DDC | WillMill,1507.0,8
453,1547674,MajesticLoaf,1506.9,1
454,1609419,Sky,1506.8,1
455,3333888,Ornik,1506.8,217
456,4644446,Red Bull | LowIQRoy,1506.6,10
457,7596,QXTR,1506.2,1
458,4412243,H-Meister,1506.1,3
459,1159867,Gamez Zone | PrimeTime,1506.0,4
460,1340702,CHP | Mang0 fan,1506.0,13
461,4146593,George,1505.9,8
462,4589211,Raptor,1505.7,3
463,3932776,Stelter,1505.6,4
464,5520974,PM,1505.5,3
465,1686333,teej,1505.5,1
466,126395,Old LTCT,1505.5,3
467,1686320,dyke,1505.4,1
468,2264877,Lockhart,1505.3,102
469,235568,JAVI,1505.1,3
470,1576596,Agua,1505.0,4
471,47104,thewaffleman,1504.8,1
472,5358,Kamex / Papaya,1504.8,2
473,1401608,</3 | wakeup,1503.7,31
474,2820635,Jam,1502.9,3
475,4027081,S,1502.6,1
476,777690,Mz. | fortyseven,1502.3,2
477,1708879,TDV/B Team | Zedare,1501.8,115
478,3124553,Enharmonic,1501.2,107
479,704448,Prant,1500.7,77
480,1375339,Sansmyman,1500.6,3
481,1287199,PhantomsCode,1500.4,2
482,5531108,CHP | MomHunter9009,1500.1,3
483,413400,SonicBoxx | KingJak,1500.1,2
484,1713927,T.TVRussell_Senpai,1500.0,3
485,4148593,Stelter,1499.1,3
486,1179016,12G | MESSIAH,1499.0,8
487,4369445,cmeonline,1498.7,3
488,1389846,Kazuto,1498.6,110
489,29507,21S | Skyhook,1498.6,2
490,1437154,Thom,1498.5,9
491,147707,CCC | Rudy,1498.4,4
492,2384154,Eco,1497.8,2
493,1402993,Pekkeman,1497.7,7
494,2239925,TXC | JustRice15,1497.6,31
495,3892820,Gyler,1497.2,3
496,2456696,Arkyluky,1497.2,5
497,3117153,WattMex,1496.9,70
498,415239,Pong,1496.6,65
499,709923,SBU | JetFire,1496.6,115
500,995288,BeerdGamer,1496.5,8
501,2148803,PAG | SRN | Trapsef,1496.5,105
502,2196831,cmeonline,1495.9,189
503,1669057,69 haha | Smoools,1495.8,1
504,1686336,doc,1495.4,1
505,4003599,Elilyth,1494.6,8
506,3340631,GojiTheYoshi,1494.2,2
507,2504996,sls,1494.0,6
508,242121,KingArc,1493.9,7
509,282201,ev,1493.7,1
510,217589,Fordham,1493.3,2
511,5527828,Munchre,1493.3,11
512,3761380,GORDO | TFO256,1492.8,1
513,3503498,Cylo,1492.6,3
514,1145719,Toad,1492.3,5
515,160068,!== | tropidolaemus,1491.9,121
516,344679,ΘF | Ginja,1491.8,136
517,4632807,thederpybird,1491.5,3
518,50963,EnbyFish,1491.1,69
519,1837859,Yaliso,1491.1,1
520,3205259,SSS | dbfc | Bardock,1490.7,74
521,4512313,Stelter,1490.6,7
522,56946,HQ | Unknown,1490.3,7
523,2996650,JRaz16,1489.8,71
524,2553722,SwordDominant,1489.6,1
525,1964748,Fate,1489.5,67
526,1580943,Gatsby,1489.5,1
527,1162631,HDNights,1489.4,1
528,1586204,Gatsby,1489.4,1
529,606124,SSF2 | PlayfulPiano,1489.3,3
530,40136,ENC | Shyguy,1489.2,599
531,2375975,Team Vars | Vars,1489.1,55
532,2797430,おーど/OWD,1489.0,2
533,2406431,Angelmedra,1488.5,1
534,183126,GODFiDENT / eviL,1488.5,13
535,2316067,Rockyino,1488.5,1
536,1603236,Neku (B),1488.3,36
537,1647187,boi,1488.3,1
538,1638905,George,1488.1,1
539,1658573,Source Code,1488.1,1
540,3722643,Lilac Rain,1487.5,4
541,1750296,Protean,1487.2,434
542,391283,AWG | Silver X,1487.2,114
543,677867,JazzerThighs,1487.0,3
544,1251115,Eli,1486.9,1
545,1806789,TAMUC | Master byron,1486.9,7
546,1507859,Adam,1486.9,1
547,2478946,CCNY | Ado,1486.6,1
548,1616525,coffee,1486.6,1
549,2385010,Hope..,1486.5,1
550,594904,vlz,1486.4,82
551,1364219,GRNT | summitsun,1486.3,11
552,2053683,VikVaughn,1486.2,3
553,2962351,Pado,1485.8,1
554,257973,Mulldrifter,1485.8,1
555,1444927,Egg,1485.4,1
556,5405967,jacob,1485.2,2
557,2714496,Kevo360,1485.2,135
558,4109077,Player 2,1485.2,2
559,2934899,Itachi,1485.1,1
560,788383,SaladDressing / CampMonster,1485.1,2
561,2359863,George,1485.0,1
562,2619317,Finesu!,1484.9,1
563,5354845,Nate,1484.9,1
564,231660,Orion,1484.8,1
565,5143467,Rey5,1484.7,1
566,1491803,Feet | boi,1484.4,1
567,509977,Dabble,1484.3,72
568,5354851,Seek,1484.1,1
569,5222692,Raptor,1484.1,5
570,2220198,Sylonma,1484.0,1
571,1599016,Bwa,1483.9,1
572,2342205,HBK | Havoc,1483.8,1
573,1666428,Quick silver,1483.8,1
574,5010975,Toxic,1483.8,2
575,3613119,Starzz,1483.7,1
576,2155538,OE | zawg,1483.6,2
577,2436632,flimbus,1483.6,1
578,3843622,tastehercoffee,1483.4,1
579,5354849,TK1,1483.4,1
580,3173262,Stan,1483.3,1
581,250002,ATMO | Mischief,1483.2,252
582,404668,TCaP | Green Marth,1483.1,105
583,2559661,Willy D,1483.0,1
584,2716367,IONA | Moat,1482.9,1
585,1009070,Ego | TAMU-C | Maple,1482.8,7
586,1171789,VL | Winter,1482.7,2
587,1261375,TSM | Wylder,1482.6,101
588,702928,George,1482.6,1
589,5354852,DJ Gasmask,1482.6,1
590,1787007,GWU | NC2 | | chicken,1482.2,21
591,3983067,George,1482.2,1
592,2731888,Cartoon,1482.2,1
593,2935350,Shmoneyman,1481.9,1
594,735414,DTN | Aero,1481.7,611
595,5354847,Jacob,1481.7,1
596,2638577,IDk,1481.7,1
597,5354859,Fayd,1481.6,1
598,1589984,Gatsby,1481.3,2
599,4310353,aidepole,1481.2,2
600,326428,SoDa,1481.2,3
601,1655862,Blue,1481.1,1
602,2811030,LuminaryEnds,1481.0,2
603,1661879,annieruok,1480.9,1
604,1827892,Wilsports | Leiothrix,1480.8,19
605,5143466,Mehtars,1480.7,1
606,250838,Sky | Skydierf,1480.5,3
607,224062,Nick,1480.4,2
608,1139807,DakuSky,1480.3,2
609,1249968,El Bicho,1480.3,1
610,2010983,ScottGreene,1480.3,3
611,684306,Drewsephix / Cyro X,1480.2,42
612,4870078,VRT | lakia,1480.1,2
613,3903890,FBI | MaouSilver,1480.1,2
614,1601730,kogsatsu,1479.9,1
615,1592904,Kenken,1479.7,2
616,2791464,franiss,1479.6,1
617,1340822,Jusst_Jesse,1479.3,2
618,450353,Smooth,1479.1,6
619,1954010,toad(B),1478.9,322
620,3892624,UG-MAN,1478.8,2
621,1895714,redbird,1478.7,1
622,1440439,Rara,1478.6,2
623,2201016,Ritual,1478.5,1
624,1036122,KDE | Koopai_,1478.4,125
625,3384296,Luna,1478.4,3
626,2141410,AHRC | Aminayski,1478.2,134
627,265022,VentoLivre,1478.2,1
628,3955123,Ganondong,1478.1,5
629,131530,EON | Opana,1478.0,79
630,1686282,megacam1,1478.0,1
631,533304,Troll_Tactics,1477.9,68
632,4629246,Fiestero,1477.9,2
633,3205092,REV | MetalGearFear,1477.8,5
634,1375808,NGU | Epoodle,1477.8,58
635,20766,WPC | Vinylic.,1477.7,42
636,3605518,francis,1477.7,7
637,4018244,aqua,1477.6,6
638,250834,Abso,1477.5,117
639,1023844,WiseMansGame,1477.3,1
640,1586105,GWU | Rip Van Winkle,1477.1,17
641,1599063,DJ,1477.0,4
642,981778,0-2 | Trapinch,1476.5,60
643,950669,Rat Gang | LV,1476.4,2
644,5342631,mTx | MOB | SteR ThA KiiD,1476.2,2
645,3252832,George,1476.1,1
646,4685,vortex,1476.0,2
647,713123,Rockyino,1476.0,5
648,2163265,SFAM | VGY | Nishiro,1475.5,2
649,4630950,TDB | ThatDerpyBird,1475.3,2
650,1321120,Fire Guts | Kuuga,1475.2,4
651,57305,CaesarTheSalad,1475.1,1
652,4741366,Breeze,1474.6,2
653,2923257,AGENTSLYFOX,1474.5,1
654,3907225,UG,1474.3,6
655,1609380,Blue,1474.1,1
656,1440849,ODSY | Tharpy,1474.0,8
657,2472231,Sky,1474.0,1
658,4369447,cmeonline,1473.9,6
659,4614325,PEAK | MBS | Seel,1473.8,2
660,2455864,Dust_2?,1473.6,1
661,1475381,TSP | ThitKho,1473.3,3
662,955105,IamLuffytv,1473.0,55
663,1584880,Gidthekid,1472.8,2
664,4281177,Deific,1472.7,2
665,4589193,mTx | MOB | SteR ThA KiiD,1472.1,2
666,589695,Teddy,1471.7,2
667,3676876,NikoTheFox,1471.6,2
668,1548148,ENC | LATORR,1471.4,2
669,15056,MHG | Koopa,1471.4,2
670,2084268,SBU | Griever,1471.3,52
671,4741386,CHP | Smurfposter,1471.2,2
672,67166,Figs / IamLuffytv,1471.2,5
673,2262401,LegendaryCH,1471.1,2
674,168626,WEED,1470.5,2
675,5471292,NIGHT!,1470.3,2
676,355046,UberCheesecake,1470.1,2
677,1592990,Maple / Jefff,1470.1,2
678,3917953,Asteria,1469.9,8
679,4531067,AON | ZeroTwoNone is OVERRATED,1469.3,2
680,574317,Kidd,1469.3,2
681,29832,MATT | The Don,1469.1,2
682,3970494,KingHig?,1468.8,2
683,1579158,Gamesdean,1468.8,2
684,4537539,LuuvMiki,1468.7,2
685,487333,FROOT,1468.7,4
686,3969306,CptHiBob,1468.5,2
687,4369446,cmeonline,1468.4,6
688,3545813,DrummerOfMetallica,1467.8,5
689,342327,Heirophant,1466.9,4
690,804317,Stormblessed,1466.9,8
691,256273,Brownie,1466.9,75
692,3019069,LoreMaster | Dusk,1466.7,2
693,610275,Birch,1466.0,68
694,4519990,GSG | MOB | Reed,1465.4,2
695,3687630,GRNT | Elam,1464.9,2
696,490588,Paulo,1464.9,7
697,3745058,DAG,1464.8,2
698,5240,bye2,1464.5,3
699,2791892,Pie | Chin341,1463.6,2
700,4305222,TengoCancer | TengoCancer,1463.3,3
701,1723601,flapjack,1462.6,2
702,1006188,GWU | PokeBlu,1462.4,12
703,4018296,REV | LevelOne,1461.7,2
704,129373,MOB | WontonWarrior,1461.2,405
705,4789415,smblue,1461.2,2
706,982874,Filthyy,1460.9,2
707,3101527,CL3,1460.7,2
708,148121,George,1460.5,9
709,1811106,poem.,1460.4,4
710,2432540,TSG | Marnix4PF,1459.8,3
711,3315641,Team red | Ajred,1459.6,75
712,959027,ZeXa,1459.5,24
713,3975151,Cheech,1459.4,5
714,135818,YeetGod,1459.3,4
715,4488560,Cheech,1459.1,5
716,4148242,MOB | Bobo,1458.2,2
717,1588019,BART,1457.9,5
718,2495516,CringeBaby,1457.8,5
719,1159658,Toogis,1457.7,33
720,5332482,Skratch,1457.5,13
721,2933000,Fantasy,1457.5,78
722,2813572,ScoffingConch87,1457.4,5
723,3098383,CL3,1457.0,2
724,2847784,DandyMan,1456.5,3
725,1841371,Mustard | Cozy K.(A),1456.5,58
726,2373488,ThatOneHermit,1456.3,4
727,15161,Johnny Hoestar,1455.7,47
728,3349086,AKUMARD,1455.6,12
729,2982200,Kyoma(A),1455.5,75
730,2609146,THE BOIS | Imapotato,1455.2,139
731,920328,Cheech,1455.1,294
732,1894408,Emzy,1455.1,6
733,2929199,oddeyes,1455.0,83
734,28594,RVW,1455.0,76
735,3683175,MSU | dbfc | Chief Beef,1454.8,7
736,4754790,ryyyan,1454.5,4
737,5521465,Bubington,1453.5,7
738,1296443,CMU | stubborn,1453.4,67
739,3388699,Javi,1452.8,5
740,1210502,iLuvJesus | Bulbasir,1452.7,5
741,2162564,CreamedLad,1452.6,5
742,1207937,Eon | 天 | Snivy,1452.2,8
743,3759410,Moonbeam,1451.9,12
744,3630185,Pepsi Man,1451.8,4
745,3579712,BER,1451.7,4
746,184077,UC | Mayyro,1451.1,84
747,4122237,mr. chef,1450.9,4
748,5440373,Flimmy,1450.8,4
749,5532492,BerrysNCream,1450.7,5
750,4341096,JAVI,1450.7,6
751,1334807,KOPA,1450.3,74
752,3107231,POP Smash | Zucaritas03,1449.8,140
753,3696138,Suslord,1449.7,30
754,4486873,memer,1449.3,4
755,1006204,Lunarnaut,1448.7,3
756,4819061,Sir chedda,1448.5,4
757,4614255,dbfc | Red Rocket,1448.3,6
758,3952279,WP | Zenko,1448.3,4
759,573466,WC gaming | | User,1447.8,530
760,4169800,lynxcero,1447.3,4
761,3892509,george,1447.0,4
762,3591799,jacob,1446.8,4
763,3122783,Deestroy,1446.7,4
764,1891424,<>< | The Notorious D.U.Q.,1446.6,5
765,2993682,voorhese,1445.5,4
766,3848914,Press,1445.5,4
767,952370,ENC | B1ggyCh33s3,1444.9,3
768,2074159,SBU || CB | Chudliest Catch,1444.5,85
769,27632,TSG | Wolf,1444.4,44
770,1471662,Carmel,1444.3,6
771,4681049,GutBustr,1443.8,130
772,5341266,GuyGagné,1443.7,12
773,405448,Lucienflash,1443.6,3
774,4665696,blip,1442.9,3
775,279507,Monty,1442.9,5
776,3863224,Kev,1442.7,4
777,3989839,Mr.GetOwned,1442.5,4
778,3038753,HomeFries,1442.2,6
779,3053454,TM | Bardo,1441.8,20
780,3759411,MoistMayo,1441.5,11
781,3655214,George,1441.4,4
782,3683989,qwerty,1440.3,4
783,2396760,SBU | Demon Mode,1440.2,115
784,3723364,kev,1440.1,4
785,768377,Adrian,1439.5,49
786,1723443,JBergs,1438.7,70
787,55304,Bigbuffalo,1438.4,39
788,1518356,ΣΘΤ | #1 Twitter Shitter,1437.9,5
789,2972388,Saturn,1437.8,4
790,2731822,Ansd,1437.0,7
791,4922506,joueur,1436.8,5
792,171700,Dr. Bondie,1436.2,89
793,711721,Dreagune,1435.8,509
794,3436214,Gmx,1434.8,18
795,1034801,DEWM | Mr. Reasonable,1434.4,352
796,3024420,K.O.G.,1434.2,87
797,1456448,LilBulb,1434.2,7
798,2908736,MOB | Auresco,1433.3,22
799,2392742,Venrid,1433.0,87
800,666023,WaVeYbAbY845,1432.9,4
801,4922523,Mungo,1431.3,4
802,1588491,sap.(B),1430.4,69
803,330986,G I G A,1430.3,80
804,4917246,YeetGod,1428.9,4
805,4924179,Metabean75,1428.8,4
806,3121363,King Midas,1428.8,7
807,1580796,Señor,1428.7,97
808,1093927,Notorious D.U.Q.,1426.6,7
809,2693674,oRion,1425.4,5
810,5011824,jmadluck,1425.2,4
811,2454296,15 | MichaelNinesFan15,1425.1,6
812,1033756,Moofs,1425.1,5
813,182145,Javi,1425.0,10
814,2744568,SCB | HeroXD,1424.7,8
815,2643052,GIANT | DJnutz,1423.7,5
816,157232,Kev,1421.7,7
817,397058,COTP | Shinigami313,1421.5,35
818,2399759,GanondorfPlays,1421.2,5
819,2463396,ZAP,1419.3,9
820,935995,DayRa,1417.7,31
821,2466509,CV | Thale_X,1416.5,407
822,4149565,SeaneBuns,1416.4,6
823,321223,Heist | Experience,1416.4,10
824,358960,USAE | inf.escape,1413.9,91
825,3932471,cl3,1413.4,6
826,4465414,N25/DC | MikuMikuBeam>-<,1413.2,115
827,2083546,Awesometems,1412.6,8
828,2750451,FSC | 1965 Ford Transit,1412.3,71
829,467958,CTG | MMG+ | Cheara,1412.3,75
830,1595369,ShockDunes,1411.2,67
831,2093234,poo | Doi,1410.5,71
832,952373,ENC | Soto,1409.7,67
833,5471435,ColaBriss,1408.5,8
834,1669700,Goldsmith,1407.4,148
835,3101298,NP | jaymo,1407.3,194
836,5469785,Fat & $wag,1405.7,8
837,144195,mTx | MOB | SteR ThA KiiD,1405.7,1125
838,812513,SBU | Luckky,1405.1,91
839,1886939,Vorhees,1404.6,9
840,2890513,Blair,1403.6,103
841,3531989,ShineG4GWoke2 | xltl,1400.7,24
842,2997758,MeNsCh,1398.3,47
843,1008360,Awesome | Brjorn,1397.7,7
844,4608792,L3th4L,1395.8,8
845,2923324,Dewtwo,1393.6,37
846,1444457,GL | Karnage,1392.7,41
847,2142882,Iona | FibX,1391.5,51
848,2414864,TekkNick,1391.1,27
849,4614432,haste,1387.7,24
850,1544557,RW | | MSS,1386.0,10
851,2634157,POP | SparkSkill,1383.8,122
852,1659305,MC | Ryzoluca,1382.4,57
853,1257079,天 | Pryce,1382.4,257
854,1791615,B Team | Sir sKorZington,1381.5,135
855,691323,MMG+ | PACKNETO,1381.4,75
856,3381604,No T.,1380.2,100
857,3614853,REV | Lightning,1379.2,26
858,1063778,sky,1378.5,31
859,5341035,Slaughter,1378.5,14
860,2705447,MOB | swiftniko,1378.0,454
861,213567,Asher,1377.9,302
862,2947878,Celluba,1374.9,8
863,1431747,JWW,1373.6,9
864,428414,XIII | JKnight,1371.9,111
865,3005704,YT | Fatamus Ballamus,1370.1,66
866,1883543,The retired | Spurple IV,1369.8,68
867,4345812,cstew,1368.0,34
868,971156,Unsponsored | ChefRoyardee,1363.5,63
869,3500237,Gmx,1361.8,87
870,541675,Togi,1361.2,74
871,3798818,Flo,1360.6,137
872,1025526,DED | mdemz,1359.5,146
873,1004616,el tumi,1359.5,94
874,1500251,CC | Bizcocho,1355.8,95
875,2689576,Broshi,1354.2,33
876,3118355,CheeZYBrED,1353.4,22
877,4523561,Octobro_,1346.1,56
878,18685,JLo,1346.1,56
879,1154098,LOA5000,1345.4,74
880,701630,MOB | P.I.E.R.C.E,1342.2,370
881,4157833,Deific,1340.6,75
882,1996784,Dudeguy,1340.4,38
883,2326839,Jackbozz,1339.5,71
884,46551,MOB | Relic Song,1332.0,389
885,1085549,Judas Jackrabbit,1330.8,126
886,345133,LGBT | Zhalos,1330.5,22
887,2896387,dbfc | gObe,1330.0,89
888,1913227,Nindo,1329.4,73
889,1884925,RTW | QUORTH,1326.3,86
890,3233229,Argonop,1325.2,20
891,822534,CC | Vetta,1320.6,181
892,1995168,Mussy!,1319.8,18
893,4930421,TOKNR,1318.0,17
894,2213920,Aura Ora!,1314.9,101
895,1187453,MOB | Rap,1313.5,44
896,2503807,Iona | Brick Eyes,1313.4,76
897,1582252,ImYeah (A),1310.7,76
898,3127896,Beempa Clan | Nick,1307.7,38
899,147845,TSG | M.Dre,1303.0,291
900,1088407,Izuoh,1301.7,34
901,3014877,SFS|JVFIVE | SAPPHYRE,1300.4,185
902,1437134,Solfege,1298.5,113
903,1314991,Cookies,1289.5,45
904,3759548,FREE AGENT | Onyx!~,1286.5,55
905,1883748,Hanler30,1281.8,74
906,152312,HexagonBear,1281.7,35
907,3419888,B Team | PikachuRaichu(B),1279.9,107
908,3613127,Kaiju24,1277.8,24
909,41440,Master J.J.,1277.8,95
910,2345159,MOB | JUBBAJUBBA,1276.8,35
911,2965327,B Team | Silly | Kira,1273.0,105
912,1477426,SkilledRoy,1271.8,160
913,1810177,HU | AquaSerenity,1271.2,95
914,250041,GODFiDENT / AscendX,1269.7,70
915,4531433,Edgyninja,1268.9,43
916,328872,3.0,1263.4,75
917,416640,Gawmer,1258.5,44
918,4569398,Chrisdol,1231.6,33
919,172699,JamesB,1231.6,57
920,2583406,UMSV | SEN | Frozen,1225.0,35
921,580964,CocoMangoCherry,1217.4,52
922,156936,ENC | Barry,1216.0,66
923,4566783,Altar,1213.6,54
924,3238423,m?n | PHG/SJI | mom?gaming(A),1205.2,130
925,279753,MOB | crimson,1200.8,442
926,2694799,Don Melon,1182.3,116
927,982139,LuuvMiki,1178.2,88
928,1254941,<>< | FishyBusines,1177.2,61
929,260300,MOB | cba,1174.2,414
930,1805042,Stromboli,1128.7,165
931,3471609,WOKE 2 | justrailly,1125.9,78
932,56461,HDR | Arique,1122.3,70
933,2641542,Dancer,1083.8,106
934,255443,KenkakuSam,1068.2,165
