rank,player_id,name,conservative_rating,rating,rd,sets_played
1,1216463,LRA | Syrup,2278.1,2421.8,71.8,156
2,370802,CTG | Zomba,2202.1,2332.2,65.1,250
3,3662307,Moist | Light,2173.3,2423.2,124.9,41
4,2201580,TDC SJSU | Lammers44,2147.9,2547.5,199.8,8
5,1005189,SBU | Quidd,2116.1,2241.8,62.8,266
6,2831089,Bubbs,2114.0,2219.4,52.7,998
7,58121,Ling,2105.0,2232.9,63.9,262
8,2220603,FORTUNE | DWTW | Fhantum,2054.3,2151.7,48.7,212
9,2010954,Char,2048.7,2242.7,97.0,38
10,737909,Fortune | StarZ,2046.1,2195.4,74.6,64
11,1972274,Raccoon | Cody,2044.4,2158.8,57.2,402
12,158871,ShopifyRebels | Light,2041.5,2264.7,111.6,66
13,4689970,Free KayFlock,2037.5,2423.9,193.2,8
14,414731,EMPIRE | PkChris,2008.0,2121.5,56.7,276
15,56497,Alo!,2003.3,2127.1,61.9,90
16,2519248,Team Vars | Free KayFlock,1990.6,2070.2,39.8,1637
17,1769202,VL | Aquaze,1984.2,2097.5,56.6,157
18,46517,Tony Pajamas,1981.6,2154.2,86.3,148
19,2996581,PUP | Myles,1950.6,2450.3,249.9,6
20,136534,NPT BBM | Beast,1949.8,2034.3,42.2,277
21,464995,Bandon / Elam,1944.8,2116.4,85.8,66
22,2309083,WSU | PoppinXL,1941.1,2115.6,87.2,29
23,241491,MOB | Myles,1932.9,2016.0,41.6,1064
24,1071129,Pharaoh,1931.5,2070.1,69.3,82
25,680006,FC | Wheezer,1930.8,2022.4,45.8,601
26,1189720,TR | MBeniS | Marvale,1927.6,2057.7,65.0,132
27,1064188,The Superberry,1922.2,2020.2,49.0,282
28,156255,Phantom,1920.4,2340.5,210.0,51
29,1412639,131 | xavier,1920.0,2041.6,60.8,82
30,2520770,CHP | Smurfposter,1916.8,2102.9,93.1,172
31,1154793,DGS | spickles,1913.9,2308.2,197.1,9
32,160103,Gen,1911.0,2024.4,56.7,417
33,233318,PAG AoC | Gaius,1910.3,2029.2,59.4,122
34,1212255,Interrobang,1904.7,2007.7,51.5,132
35,1784114,SOUP-E | GRIT,1902.0,2003.2,50.6,308
36,15889,FC | Mr. E,1897.3,2061.9,82.3,346
37,1290320,7DaysFREE | AmericanWeeaboo,1887.9,1990.5,51.3,142
38,252377,Slasher,1885.1,1969.9,42.4,172
39,182912,Steelix,1885.1,2013.8,64.4,146
40,415862,reed,1883.6,1963.0,39.7,1370
41,1063610,Onin,1882.8,2269.6,193.4,6
42,3321192,FC FzP | Zuhiy,1880.7,1976.4,47.8,196
43,61591,DA EMP | Sinji,1879.7,2045.6,82.9,104
44,1050386,ENC | Cee,1879.7,2066.8,93.6,295
45,220089,BlitzLuigy,1874.8,1991.7,58.5,96
46,1138799,9superpie,1869.6,1975.5,52.9,101
47,606386,CJFrozen / Dany,1859.0,2122.3,131.6,17
48,2324329,GRNT | Virgo,1855.6,1975.4,59.9,83
49,261992,Amaryllis,1855.3,1980.5,62.6,201
50,3097780,Loq | Seel,1854.6,1965.1,55.2,260
51,1852344,LRA | Karflo(B),1850.2,1968.1,59.0,141
52,4169797,lilpeep,1845.0,2196.9,175.9,10
53,1467525,FREE AGENT | ZiggySmols(B),1843.8,1934.3,45.3,307
54,1331707,layla,1840.4,1987.1,73.3,80
55,1463554,FzP | TW | MBS | SmashBros!,1839.7,1935.6,48.0,232
56,583155,MOB | Bobo,1838.6,1948.7,55.0,1277
57,2087765,WU/MTLC/ML | TWITCHY!,1836.8,2200.8,182.0,8
58,143562,Sin | ZeldaPlayer,1836.0,1933.5,48.7,180
59,616232,FzP | BeatyBean,1832.2,1924.5,46.2,630
60,1810739,GuyGuy,1832.1,2001.2,84.5,184
61,1224902,Night Shift | WebbJP,1828.2,1956.9,64.3,101
62,53621,Ho3K | John Numbers,1827.3,2016.3,94.5,127
63,1641578,GRNT | Skew,1826.2,1950.6,62.2,92
64,719390,CHP | Conor McGregor,1825.3,2093.9,134.3,27
65,1100022,LRA PAL | Lakia,1821.0,1924.1,51.5,177
66,152534,EMPIRE | SoulArts,1819.9,1941.9,61.0,235
67,1802371,TheBluntOgre,1814.6,1945.3,65.3,112
68,3743679,Shon | שון,1814.5,1995.0,90.3,169
69,2048041,Green Guy,1814.2,1933.3,59.6,132
70,1244041,ToughLudwig,1813.0,1947.5,67.2,132
71,1692066,Jailbird | Yufine,1812.5,1910.1,48.8,169
72,999566,FzP | LRA | TabSoda,1810.7,1919.3,54.3,110
73,2516567,4Freddy! | Hikari,1802.9,1897.5,47.3,255
74,1087860,DTP,1802.6,1922.8,60.1,118
75,1334378,9th | Finn,1800.3,1921.7,60.7,61
76,1805037,THR l GRNT | TWICE(B),1799.4,1888.0,44.3,171
77,496339,Meli,1799.0,1937.6,69.3,132
78,228477,LRA_START,1797.2,1895.7,49.3,202
79,1224156,MMG+ | GRNT | Slade,1796.6,1888.2,45.8,277
80,249887,ENC | Noku,1796.5,1898.7,51.1,1063
81,1608902,MikemasterX10,1793.7,1915.7,61.0,123
82,44379,Lito,1793.6,1943.4,74.9,79
83,1703174,SJU | Taiyo,1790.1,1897.9,53.9,105
84,2105718,H-Meister,1789.4,1893.5,52.1,416
85,2385861,SCB/Ug_nyc | FGCGambit,1789.3,1884.3,47.5,203
86,525344,Tilde,1783.8,2224.0,220.1,6
87,1480033,Gh0st,1779.7,1909.2,64.8,174
88,3304742,Pizza Ant,1777.1,1879.3,51.1,116
89,1330121,Swigzy,1773.7,1890.2,58.3,207
90,919736,ZeroTwoNone,1771.6,2023.8,126.1,158
91,1700217,RW | Floppyfail,1771.0,1859.8,44.4,432
92,1793104,MiikeFromTheBronx,1764.8,1886.9,61.1,62
93,452907,Reilly(B),1764.7,1856.6,46.0,160
94,981752,Tano,1762.6,1876.4,56.9,170
95,2858096,PUP | myles,1758.9,2142.8,192.0,21
96,1650136,SBU | Amayne,1757.9,1905.5,73.8,150
97,1112678,GRNT | FroggySTYL,1757.0,1859.8,51.4,193
98,265075,the wise cow | pango,1754.6,1905.0,75.2,108
99,16113,Raptor,1753.7,1857.4,51.8,307
100,1825040,GTH | vitz,1751.0,1846.0,47.5,248
101,1005216,GRNT | Serta,1749.9,1921.1,85.6,186
102,780256,NiP,1749.0,1869.9,60.5,666
103,2978333,WW | Fader,1747.3,1860.4,56.6,76
104,3032725,q2 | Judgy,1744.7,1942.7,99.0,73
105,266003,Smush | Burst,1741.6,1876.6,67.5,125
106,1593009,CHP | MomHunter9009,1740.8,1879.0,69.1,59
107,266015,FC | Stratas,1729.8,1837.1,53.6,237
108,1303313,Kqt | narrwall,1728.1,1922.8,97.4,27
109,1609925,MOB | Infernape,1727.4,1817.8,45.2,1575
110,229860,WKZ | Mega,1722.0,1842.6,60.3,168
111,1312764,<>< | Deception,1721.9,1843.5,60.8,191
112,278439,FC | Haze,1721.0,1838.8,58.9,108
113,2842804,Redsaw,1717.4,1862.2,72.4,518
114,1296894,GTH | Justinjpeg,1712.4,1839.7,63.6,110
115,1750056,SuperSanic21,1711.3,1826.9,57.8,136
116,390014,Reyluno,1706.1,1820.4,57.2,116
117,1751649,Syn! | D.Danger,1700.8,1799.5,49.4,882
118,147436,Hindsight,1695.8,1810.7,57.5,186
119,185802,GTH | EJJ,1693.3,1809.4,58.0,100
120,1662027,Seb Undeble,1691.4,1800.7,54.6,150
121,1022822,GRNT | Mr.L,1689.2,1849.2,80.0,71
122,1053442,Baren,1688.5,1795.6,53.6,155
123,757280,Kitty Princess,1684.7,1779.9,47.6,147
124,1648968,10K | Mulli$,1682.8,1793.6,55.4,105
125,1633924,ENC | Gabo,1682.3,1809.8,63.8,516
126,1807531,CTG | AnthonyIsntCool,1680.8,2122.6,220.9,6
127,2202094,CSH | Kayjun Lady,1678.2,1769.6,45.7,347
128,1721948,Go Rangers | Queen,1678.0,1765.2,43.6,246
129,4992539,Val,1677.2,1799.4,61.1,67
130,1591717,FrBz | Keykard,1676.4,1920.7,122.2,89
131,1157788,Glutamate,1675.2,1844.4,84.6,113
132,245443,coffeebug,1672.8,1800.7,63.9,678
133,1986069,GRNT | Jager,1672.5,1764.7,46.1,328
134,734353,WG | MintyFlesh,1672.3,1832.2,80.0,138
135,2384793,SBU | Steve,1672.2,1809.2,68.5,76
136,1655542,DeLay,1668.0,1769.2,50.6,197
137,2598045,Menbow/めんぼぉ,1666.8,1953.3,143.3,15
138,1529247,Mellow,1665.6,1787.1,60.7,106
139,2564154,Louis Dio,1664.7,1794.8,65.1,117
140,160272,BAE | YBBurrus,1664.5,1767.6,51.5,118
141,155986,Chrin / GOGO,1662.1,1828.9,83.4,442
142,2980064,MMG+ | BIG CRUMB,1661.5,1758.3,48.4,192
143,2465656,loq | gwyn,1661.3,1808.7,73.7,36
144,774806,VB3,1659.6,1767.7,54.1,134
145,649442,TK1,1659.1,1760.6,50.8,1060
146,1430481,ARIES,1657.6,1780.5,61.4,125
147,51901,Bachilles,1652.9,1766.0,56.5,112
148,2243550,StarForce,1652.8,1762.0,54.6,162
149,147886,Xioli,1645.3,1806.6,80.6,103
150,240751,Team Wex | Wex,1645.0,1745.0,50.0,248
151,1288104,SBU | vanchy,1641.9,1748.7,53.4,137
152,261142,Djohnmark,1641.0,1830.2,94.6,436
153,1902502,SBU | Saiyan Walk,1639.2,1739.9,50.4,166
154,1003161,ZXZ | The Hunter,1638.9,1846.4,103.8,58
155,1595628,FC | G-XTREME,1638.1,1829.9,95.9,222
156,1007446,E_01,1637.1,2077.8,220.4,5
157,1928105,JPN | KurtSwitch,1636.5,1809.4,86.4,68
158,4008986,LYM? | Eleventy1,1635.6,1843.5,104.0,18
159,2583231,GRNT CHP VB3 | Louie,1634.6,1727.0,46.2,201
160,800407,Tom,1633.7,1729.6,47.9,511
161,1108399,cyanzura,1621.3,1729.8,54.3,160
162,70210,TRL,1620.4,1835.1,107.3,77
163,71570,TR | SlingShot(B),1618.3,1781.7,81.7,85
164,2892291,ȺͶŦI_UNKNOWN PlȺYER,1616.4,1727.9,55.8,98
165,304973,OG | Zaphros,1609.9,1716.8,53.4,178
166,1475247,Playmaker,1609.4,1793.5,92.0,74
167,1309314,slaying mantis,1606.5,1731.2,62.4,82
168,1284430,Exia,1604.8,2021.9,208.6,5
169,285520,Blank,1604.4,1827.6,111.6,82
170,25509,OA|FC | Nexus,1603.7,1906.3,151.3,11
171,4313177,Cookies,1603.4,1720.2,58.4,92
172,1229103,MOB | Eliakim,1602.0,1795.7,96.9,691
173,265251,Deedha(B),1600.2,1721.3,60.6,89
174,1141005,Light's friend | Clive,1592.7,1718.1,62.7,120
175,39740,player 4,1592.2,1725.1,66.5,101
176,850212,Balderdash,1592.1,1693.6,50.7,236
177,1510743,MMG+ MBS | K1NG,1590.1,1702.8,56.3,124
178,1770562,MOB | Loftz,1589.4,1682.5,46.5,1171
179,864900,Newgate,1581.3,1710.5,64.6,94
180,1228156,Pado,1580.9,1703.0,61.0,498
181,3436028,Rojo | Ajred,1580.1,1691.8,55.9,127
182,4381444,YBG | Snowbunny Mind Control(A,1578.9,1659.8,40.4,300
183,1580089,DENIM CLUB | petebr0,1574.9,1818.4,121.8,14
184,2195603,charszum,1573.5,1688.3,57.4,278
185,1998572,amoxicillin | dish soap,1572.9,1749.0,88.0,40
186,219727,EZ | Killer,1571.3,1716.2,72.4,42
187,1398715,Fizzystix,1568.7,1679.6,55.5,178
188,368063,C2F | Average Alex,1565.8,1715.6,74.9,40
189,4122369,HONOR/BTE | INVINCIBLE,1564.7,1653.0,44.1,204
190,2925431,CHP | JAMES,1564.6,1758.9,97.2,86
191,33900,BxBonobo | Kamex,1564.4,1707.9,71.8,90
192,256474,dbfc | yoBBi,1562.6,1666.7,52.1,180
193,680481,LuffyMK,1561.0,1825.1,132.0,25
194,2790597,Tr4sh | $Krilldog$,1560.3,1671.3,55.5,85
195,3446093,SBU | Bluespark7,1559.3,1665.5,53.1,116
196,230304,GTH | LRA | Steven8er,1559.3,1703.4,72.1,74
197,1121293,Val,1559.2,1739.4,90.1,162
198,1307014,SOUP-E | Moat,1558.9,1694.7,67.9,174
199,4317604,WHS | BETA,1557.0,1705.3,74.2,141
200,1031044,benn 9 9 9,1556.0,1717.0,80.5,86
201,1077177,H2 | Moxort,1555.5,1809.3,126.9,14
202,1471306,FSC | GRNT | Wildogz,1555.3,1720.6,82.6,82
203,1452744,Cross,1554.8,1723.3,84.3,110
204,937364,bran,1554.5,1713.3,79.4,80
205,5099409,REV | H-Meister,1554.5,1888.4,167.0,6
206,1723671,dbfc | Caelifera,1552.7,1702.2,74.7,36
207,345023,GRNT | PC Ninja,1552.2,1656.2,52.0,849
208,3801556,Providence,1551.5,1687.5,68.0,83
209,1824970,KDE | Chappsticc,1550.8,1690.4,69.8,329
210,2151188,DumplingKing(B),1549.6,1670.3,60.4,89
211,1285194,trap queen,1549.1,1745.2,98.1,240
212,2650945,RISE|I am | The Devil,1548.8,1657.5,54.4,126
213,889148,Miss Input,1548.8,1916.2,183.7,6
214,3620456,ZeroTwoNone,1548.3,1888.8,170.3,15
215,2993602,CCNY | EOI | Ebrima(A),1547.1,1629.3,41.1,350
216,1992273,TXC | Geodash,1547.1,1657.6,55.3,94
217,1586470,Cipher,1546.9,1709.3,81.2,116
218,1811210,GTH | MBS | Bootleg,1546.3,1707.7,80.7,83
219,1191080,dbfc | LRA | Pardo,1545.4,1631.1,42.9,290
220,1728859,GRNT | Swag Master,1545.3,1679.7,67.2,127
221,1693402,Vinsmoke,1545.2,1699.6,77.2,112
222,1375338,TF0256,1544.5,1745.1,100.3,69
223,1762779,X!Akuma,1541.5,1655.2,56.8,120
224,2006693,CHP | Relaxe,1537.6,1641.3,51.9,335
225,1007323,SBU | Glial,1536.0,1654.2,59.1,108
226,3676808,q2 | Crescent | Ashi,1535.4,1928.1,196.4,6
227,1758326,ebs | $hrutik,1534.7,1788.2,126.8,20
228,612997,SCB | Tito,1532.1,1667.9,67.9,94
229,2232029,SBU | Pineapples,1531.5,1664.5,66.5,60
230,2088174,GORDO | TFO256,1530.9,1665.5,67.3,224
231,261298,Booty / Karxm,1527.1,1697.8,85.4,94
232,272462,Zoo,1526.8,1677.7,75.5,65
233,3249566,EDLN | Octo,1526.3,1649.7,61.7,99
234,5544702,KDE | Chappsticc,1522.7,1945.4,211.4,5
235,2167729,SCB | NinJenDo,1522.3,1636.4,57.1,132
236,824294,ET | GODwithinAnthony,1521.6,1693.6,86.0,111
237,213342,PinkDocJ,1521.4,1994.6,236.6,9
238,1070879,Trenko,1520.3,1771.1,125.4,87
239,796048,ENC | Drilago,1518.0,1613.8,47.9,1175
240,550127,WFP | CRB,1516.2,1814.6,149.2,17
241,2035678,PeteMan23,1516.1,1621.6,52.8,397
242,1308403,Wise,1515.4,1792.0,138.3,10
243,1518438,SWR | Enriquethepigeon,1515.2,1675.2,80.0,187
244,1072988,ZekeReds,1514.0,1627.7,56.8,140
245,71401,UtopianRay,1513.8,1792.3,139.3,129
246,3416651,WPC | FS | Rhinestone Lady,1509.4,1631.3,60.9,103
247,499319,EDLN | Salt King,1509.0,1757.0,124.0,22
248,2402885,BlueFlare,1504.5,1648.5,72.0,94
249,1174400,Soul Society | LazyZach,1503.3,1933.0,214.9,6
250,29142,SENTRY | spoop,1500.5,1751.2,125.4,19
251,2136075,G-Money,1500.1,1610.6,55.3,142
252,341914,Triple A,1499.7,1681.2,90.8,49
253,2252991,Comoli,1499.5,1614.7,57.6,97
254,1580144,Madasti,1495.8,1778.0,141.1,72
255,45894,TTD | $N,1494.5,1599.5,52.5,175
256,1602986,SBU | BopIt!,1493.6,1600.8,53.6,250
257,1529812,FBI | MaouSilver,1493.1,1602.5,54.7,337
258,1531390,Fiestero,1492.9,1627.2,67.2,171
259,2700639,Desimus,1491.4,1641.7,75.2,78
260,1112255,GIANT | fart,1490.6,1616.5,63.0,102
261,2427279,GTN | ShoKhaizo,1487.5,1608.0,60.3,66
262,4557714,REV | LevelOne,1487.0,1614.0,63.5,138
263,2987715,GORDO | TFO256,1486.2,1881.2,197.5,7
264,2129156,Stelter,1484.6,1689.3,102.4,203
265,3260808,PPP | Pineapple,1483.2,1623.0,69.9,210
266,620017,MBS | xiii,1482.6,1632.6,75.0,72
267,1350424,MHM | 天 | VulgarKaiju,1482.4,1599.4,58.5,675
268,1625801,sorbi,1478.8,1613.6,67.4,92
269,1719545,3U | Pado,1478.1,1689.4,105.7,53
270,63962,ENC | Ice,1477.9,1754.2,138.1,108
271,230038,X,1474.6,1724.1,124.7,76
272,1713130,LXX,1469.2,1592.9,61.8,88
273,1183244,chancla,1463.7,1590.1,63.2,98
274,2178506,Swaggin | Disarming5,1460.9,1605.6,72.4,61
275,185040,Aero,1457.4,1806.8,174.7,10
276,70832,Oatmeal,1455.5,1719.2,131.9,46
277,231718,Dralro,1454.2,1604.2,75.0,45
278,174987,ඞ | Caststarman,1452.2,1602.4,75.1,75
279,2086800,RISE | Union X,1450.4,1594.1,71.9,78
280,380159,IMP | Zaxel,1449.5,1829.4,189.9,152
281,1810011,Yikes! ebs Kqt | FD,1448.4,1853.9,202.7,6
282,1731974,Ryan,1442.8,1645.1,101.1,83
283,1012831,Friegg / Ho Chi ZYN,1440.5,1774.8,167.1,10
284,321425,Purity,1440.2,1874.3,217.0,7
285,851857,ENC | SaladDressing,1439.7,1762.6,161.4,66
286,1007420,KyleTM,1439.3,1569.2,65.0,116
287,2455865,Agua,1439.2,1544.3,52.5,217
288,4949496,SBU | Whimsicott,1438.6,1552.0,56.7,82
289,1036122,KDE | Koopai_,1435.5,1557.1,60.8,125
290,2024480,EVC | BB8,1435.1,1635.7,100.3,53
291,250040,ENC|MOB | LocalmanMatty,1433.0,1579.5,73.2,567
292,1011767,MBS | Sora_J,1432.3,1887.4,227.5,4
293,1750296,Protean,1431.4,1537.3,53.0,434
294,2272295,LYM? | MM | Llama,1430.1,1549.4,59.6,96
295,5512295,Raptor,1427.4,1843.5,208.1,4
296,1971465,Dededenied,1423.2,1741.2,159.0,9
297,2461532,EGF | Roundens,1423.1,1542.5,59.7,95
298,4584629,Ornik,1422.7,1532.6,54.9,198
299,325777,MOB | COLD,1421.7,1691.2,134.8,204
300,2084157,PPA | Finraal,1420.7,1600.5,89.9,53
301,2263562,WE OUTSIDE | YoshiSonic,1420.4,1604.5,92.0,80
302,1246252,DUSK | Pugi,1419.5,1761.6,171.0,10
303,1510669,NotBae,1419.5,1727.5,154.0,70
304,128671,QueVeen,1417.5,1631.9,107.2,37
305,2141410,AHRC | Aminayski,1415.6,1523.2,53.8,134
306,391283,AWG | Silver X,1414.9,1528.9,57.0,114
307,735414,DTN | Aero,1414.8,1525.3,55.2,611
308,35065,Artisan,1413.2,1790.4,188.6,132
309,467446,LoKi,1412.3,1928.5,258.1,3
310,2375975,Team Vars | Vars,1410.5,1565.0,77.3,55
311,40136,ENC | Shyguy,1410.1,1563.0,76.5,599
312,1564320,Bozo,1410.0,1836.6,213.3,6
313,3432322,NELSON (ネルソン),1409.6,1509.2,49.8,357
314,3849122,MOB | GRNT | Chrin,1408.1,1741.9,166.9,8
315,2195082,MemeMasterM,1407.4,1554.0,73.3,93
316,1780695,LBE | Raybands,1405.6,1517.6,56.0,103
317,2086155,EMW Esports 2 | Lozman,1405.4,1548.6,71.6,200
318,26047,Brave,1404.4,1639.2,117.4,67
319,1468611,NMDusk,1400.8,1591.8,95.5,142
320,1954010,toad(B),1400.0,1519.4,59.7,322
321,1250027,SnappleOK,1400.0,1561.3,80.7,84
322,2867051,UNH | Breb,1394.2,1549.1,77.4,84
323,1307109,CHP | Razzly,1394.1,1547.9,76.9,73
324,206240,CF | Phuzix,1393.0,1737.9,172.4,7
325,1389846,Kazuto,1392.4,1531.9,69.8,110
326,1624931,Bionicle,1392.3,1728.0,167.8,17
327,2196831,cmeonline,1390.7,1535.9,72.6,189
328,2929199,oddeyes,1390.7,1522.5,65.9,83
329,1800430,YHWH | Attaboytom,1390.6,1552.5,81.0,200
330,442000,HEYO | MojoGameSlayer,1387.5,1939.4,275.9,2
331,29243,ENC | Jaku,1383.3,1761.3,189.0,102
332,1708879,TDV/B Team | Zedare,1382.9,1489.9,53.5,115
333,3220848,Kelvin,1382.8,1550.8,84.0,82
334,1187549,Not | L7ogz,1382.1,1810.1,214.0,4
335,1377718,Agua,1379.3,1621.7,121.2,16
336,244598,PSG | balls,1377.4,1610.0,116.3,138
337,3205259,SSS | dbfc | Bardock,1376.1,1558.2,91.0,74
338,1771679,ZeroTwoNone,1375.9,1834.9,229.5,5
339,594904,vlz,1374.8,1514.3,69.8,82
340,1593729,SwimTank | MOB | the drink,1372.4,1476.7,52.1,938
341,2473421,SwissWriter(B),1370.1,1491.2,60.6,145
342,415239,Pong,1369.0,1574.1,102.5,65
343,1669160,Mr.Stein,1367.2,1517.3,75.1,89
344,753836,3D | Juuuuul,1365.7,1845.5,239.9,8
345,2638518,REV | Brayden,1365.0,1530.1,82.5,82
346,709923,SBU | JetFire,1364.8,1474.9,55.0,115
347,2148803,PAG | SRN | Trapsef,1362.3,1543.5,90.6,105
348,370861,Sinai | Zenkai,1360.2,1795.8,217.8,17
349,1188970,DF | kirby509,1358.8,1852.8,247.0,4
350,3533676,Maidenless | Shokaizo,1356.4,1604.4,124.0,9
351,129373,MOB | WontonWarrior,1353.4,1533.2,89.9,405
352,160229,Vent / innoxia,1351.2,1582.6,115.7,84
353,3631801,domisBUGGIN22,1347.4,1493.6,73.1,133
354,4773,Phish-it,1347.3,1773.8,213.2,10
355,3800500,Aero,1345.9,1834.6,244.4,4
356,331195,MikeMM,1345.1,1632.4,143.6,30
357,1208753,Agua,1342.5,1605.1,131.3,78
358,2524731,REV | LevelOne,1341.5,1559.4,109.0,111
359,1393892,Charles,1335.6,1789.3,226.9,9
360,2208713,backpak72,1330.7,1498.5,83.9,59
361,1841371,Mustard | Cozy K.(A),1327.8,1494.1,83.2,58
362,1401818,Jefff,1326.8,1709.6,191.4,70
363,4465414,N25/DC | MikuMikuBeam>-<,1326.7,1429.2,51.3,115
364,811118,Rigz / Kiranchi,1326.5,1834.9,254.2,8
365,160068,!== | tropidolaemus,1322.3,1449.6,63.6,121
366,144195,mTx | MOB | SteR ThA KiiD,1321.9,1449.6,63.9,1125
367,61785,G5 | Jack777,1319.2,1734.6,207.7,24
368,1034801,DEWM | Mr. Reasonable,1319.2,1461.2,71.0,352
369,1340702,CHP | Mang0 fan,1317.5,1647.4,164.9,13
370,991550,PhDream,1316.7,1884.7,284.0,2
371,4681049,GutBustr,1315.4,1446.7,65.6,130
372,345629,PCNinja,1314.7,1595.8,140.6,58
373,3107231,POP Smash | Zucaritas03,1314.6,1465.3,75.4,140
374,3124553,Enharmonic,1314.3,1448.6,67.2,107
375,3920247,Raptor,1314.0,1727.9,206.9,5
376,3315641,Team red | Ajred,1313.6,1534.0,110.2,75
377,2609146,THE BOIS | Imapotato,1311.5,1437.2,62.8,139
378,610275,Birch,1311.2,1524.4,106.6,68
379,180459,Fence,1303.0,1743.7,220.3,5
380,2933000,Fantasy,1301.8,1477.7,87.9,78
381,711721,Dreagune,1301.8,1422.2,60.2,509
382,4928847,BB8,1300.2,1759.0,229.4,4
383,1043822,Vestation,1300.0,1566.3,133.2,79
384,1588491,sap.(B),1298.4,1452.2,76.9,69
385,862970,muscle milk,1297.4,1459.1,80.8,83
386,533304,Troll_Tactics,1296.1,1450.2,77.0,68
387,2084268,SBU | Griever,1294.1,1492.2,99.1,52
388,920328,Cheech,1293.3,1484.1,95.4,294
389,3117153,WattMex,1292.9,1457.2,82.1,70
390,29244,DK DAN,1289.2,1683.6,197.2,51
391,1296443,CMU | stubborn,1288.9,1482.4,96.8,67
392,3308794,Iona | Lubando,1287.6,1633.0,172.7,9
393,2239925,TXC | JustRice15,1285.6,1458.2,86.3,31
394,250834,Abso,1285.5,1482.9,98.7,117
395,49915,2can,1285.1,1531.1,123.0,80
396,2466509,CV | Thale_X,1285.0,1392.8,53.9,407
397,1659330,SamSam,1284.3,1583.5,149.6,71
398,1085549,Judas Jackrabbit,1283.4,1391.8,54.2,126
399,576268,LVD | Suarez,1282.5,1736.1,226.8,10
400,4644446,Red Bull | LowIQRoy,1281.2,1554.3,136.6,10
401,3333888,Ornik,1279.9,1492.6,106.4,217
402,171700,Dr. Bondie,1279.3,1413.6,67.1,89
403,1708766,p0wer,1278.0,1638.1,180.0,6
404,2982200,Kyoma(A),1277.2,1437.1,80.0,75
405,1054597,Terence,1276.8,1593.7,158.4,22
406,143630,Don / Clive,1276.8,1734.2,228.7,5
407,2392742,Venrid,1276.3,1445.8,84.7,87
408,344679,ΘF | Ginja,1274.6,1420.2,72.8,136
409,146691,Rob Boss,1273.5,1595.1,160.8,43
410,573466,WC gaming | | User,1272.5,1497.3,112.4,530
411,1964748,Fate,1270.7,1511.7,120.5,67
412,131530,EON | Opana,1265.6,1557.5,145.9,79
413,4287882,Stelter,1264.9,1695.5,215.3,4
414,2396760,SBU | Demon Mode,1264.6,1391.0,63.2,115
415,1099914,Bimbus,1263.7,1584.9,160.6,75
416,3101298,NP | jaymo,1261.4,1380.2,59.4,194
417,1321838,Adam,1259.6,1665.9,203.2,26
418,2334632,MOB | Lemon,1259.1,1640.3,190.6,22
419,1083418,CRG/GRNT/MXC | Vapor,1258.8,1697.0,219.1,4
420,467958,CTG | MMG+ | Cheara,1257.2,1412.9,77.8,75
421,20766,WPC | Vinylic.,1257.0,1487.5,115.3,42
422,684306,Drewsephix / Cyro X,1254.8,1517.2,131.2,42
423,812513,SBU | Luckky,1254.7,1394.3,69.8,91
424,1603236,Neku (B),1253.6,1434.3,90.3,36
425,3381604,No T.,1252.8,1410.4,78.8,100
426,1590243,GS/HoM | Majestic Souls,1249.5,1647.5,199.0,13
427,4496420,Stelter,1248.2,1672.9,212.4,4
428,569195,UU | Mizu,1246.4,1588.4,171.0,8
429,3652196,Big Water,1245.1,1699.4,227.1,5
430,427133,username,1242.3,1591.5,174.6,185
431,2074159,SBU || CB | Chudliest Catch,1241.6,1404.1,81.3,85
432,5501427,Raptor,1241.3,1732.4,245.5,3
433,46551,MOB | Relic Song,1240.6,1364.7,62.1,389
434,1751700,Kimboiyachi,1238.6,1649.6,205.5,4
435,2996650,JRaz16,1236.9,1409.9,86.5,71
436,825382,NEINx,1236.4,1367.1,65.3,120
437,704448,Prant,1235.3,1517.4,141.1,77
438,2714496,Kevo360,1234.9,1417.6,91.3,135
439,1592950,DDC | WillMill,1234.6,1549.9,157.7,8
440,4148594,Stelter,1234.3,1693.2,229.5,4
441,358960,USAE | inf.escape,1233.3,1472.0,119.3,91
442,4060299,GSG | Reed,1230.8,1802.6,285.9,3
443,1252101,Maxa,1230.3,1510.6,140.2,85
444,142720,Kiranchi,1228.8,1825.0,298.1,3
445,2634157,POP | SparkSkill,1228.7,1436.6,104.0,122
446,69946,BACKTOTHELOOT,1228.3,1610.9,191.3,61
447,2750451,FSC | 1965 Ford Transit,1225.8,1414.0,94.1,71
448,2264877,Lockhart,1224.4,1358.5,67.1,102
449,509309,gm | trafe,1220.9,1716.4,247.7,4
450,1580796,Señor,1218.4,1417.6,99.6,97
451,3605541,Aero,1218.2,1666.1,224.0,4
452,134891,GRNT | Jeans,1214.1,1725.6,255.8,5
453,1787007,GWU | NC2 | | chicken,1213.9,1444.3,115.2,21
454,1257079,天 | Pryce,1213.4,1346.1,66.3,257
455,3440801,CHP | Moat,1211.7,1679.9,234.1,4
456,24211,SaltyFun,1210.6,1468.3,128.8,42
457,4148596,Stelter,1209.9,1676.9,233.5,4
458,326148,DA | EMP | Venia,1207.6,1739.9,266.1,4
459,3798818,Flo,1206.6,1350.2,71.8,137
460,3005704,YT | Fatamus Ballamus,1206.0,1349.5,71.7,66
461,981778,0-2 | Trapinch,1205.9,1436.3,115.2,60
462,45472,Council | TheBombBimbi,1205.7,1777.7,286.0,1
463,250002,ATMO | Mischief,1203.0,1448.5,122.8,252
464,4281178,Deific,1202.5,1566.6,182.1,8
465,213567,Asher,1201.5,1401.8,100.2,302
466,1827892,Wilsports | Leiothrix,1200.9,1448.6,123.9,19
467,3796224,DEW | Hailfire,1200.6,1631.5,215.5,4
468,1085224,slate,1199.6,1589.9,195.1,8
469,3349086,AKUMARD,1199.2,1449.0,124.9,12
470,65808,Glentendo / Wraith,1198.7,1577.2,189.3,36
471,1402993,Pekkeman,1198.6,1539.3,170.3,7
472,5297798,providence,1196.7,1609.1,206.2,4
473,330986,G I G A,1195.5,1478.5,141.5,80
474,1179016,12G | MESSIAH,1194.6,1524.5,165.0,8
475,1595369,ShockDunes,1189.9,1373.5,91.8,67
476,5527828,Munchre,1188.9,1442.6,126.8,11
477,2705447,MOB | swiftniko,1188.1,1365.8,88.8,454
478,247544,OctopusMan,1187.4,1766.4,289.5,2
479,5520974,PM,1186.6,1614.6,214.0,3
480,1791615,B Team | Sir sKorZington,1185.7,1295.4,54.9,135
481,512698,gaku,1184.6,1713.5,264.5,3
482,4157833,Deific,1181.3,1366.4,92.6,75
483,3500237,Gmx,1180.8,1323.9,71.6,87
484,4146593,George,1179.5,1533.7,177.1,8
485,15161,Johnny Hoestar,1176.9,1419.1,121.1,47
486,1375808,NGU | Epoodle,1174.1,1449.8,137.8,58
487,3281975,Meshy,1173.8,1560.3,193.3,7
488,1441832,TFO256,1173.8,1608.1,217.2,6
489,397058,COTP | Shinigami313,1173.4,1422.6,124.6,35
490,50963,EnbyFish,1173.0,1531.1,179.0,69
491,1625762,AstroPokemonWorld,1171.2,1528.9,178.9,9
492,970468,Iona University,1171.0,1537.6,183.3,10
493,5354854,Geodash,1168.5,1640.9,236.2,2
494,3024420,K.O.G.,1163.7,1352.6,94.4,87
495,701630,MOB | P.I.E.R.C.E,1161.0,1296.7,67.8,370
496,691323,MMG+ | PACKNETO,1159.0,1368.1,104.5,75
497,147845,TSG | M.Dre,1158.8,1330.2,85.7,291
498,4512313,Stelter,1158.8,1496.1,168.6,7
499,3917953,Asteria,1157.1,1514.1,178.5,8
500,55304,Bigbuffalo,1156.1,1423.3,133.6,39
501,1913227,Nindo,1155.8,1315.6,79.9,73
502,404668,TCaP | Green Marth,1153.2,1471.1,159.0,105
503,1573466,TwoTone,1150.8,1602.9,226.0,4
504,935995,DayRa,1150.1,1347.5,98.7,31
505,28594,RVW,1149.8,1489.8,170.0,76
506,3014877,SFS|JVFIVE | SAPPHYRE,1145.6,1303.5,79.0,185
507,1066557,5LG | CSUF | Tact,1144.8,1575.9,215.6,4
508,1013628,Bolero,1144.7,1616.1,235.7,9
509,2997758,MeNsCh,1143.8,1375.9,116.1,47
510,1883543,The retired | Spurple IV,1143.2,1414.9,135.8,68
511,5332482,Skratch,1143.0,1369.4,113.2,13
512,955105,IamLuffytv,1142.7,1523.2,190.3,55
513,4003599,Elilyth,1141.4,1498.3,178.5,8
514,1444457,GL | Karnage,1141.1,1316.6,87.8,41
515,1601554,Status Quo,1138.9,1782.0,321.5,1
516,901519,Lui-Jesus,1138.7,1690.7,276.0,3
517,1063778,sky,1138.2,1323.3,92.5,31
518,1586105,GWU | Rip Van Winkle,1137.0,1455.5,159.2,17
519,3765836,Stelter,1135.7,1558.0,211.1,4
520,2923324,Dewtwo,1135.4,1343.6,104.1,37
521,959027,ZeXa,1133.9,1415.3,140.7,24
522,1409025,nyKovah,1133.5,1570.9,218.7,10
523,235568,JAVI,1131.8,1604.3,236.2,3
524,2142882,Iona | FibX,1129.6,1387.1,128.8,51
525,242121,KingArc,1127.9,1500.9,186.5,7
526,1401608,</3 | wakeup,1126.1,1506.4,190.1,31
527,4412243,H-Meister,1125.0,1608.3,241.6,3
528,1091411,IHL,1124.7,1485.4,180.4,154
529,5222692,Raptor,1120.5,1477.8,178.6,5
530,4523561,Octobro_,1119.6,1275.3,77.9,56
531,768377,Adrian,1118.9,1392.1,136.6,49
532,184077,UC | Mayyro,1118.3,1420.7,151.2,84
533,2504996,sls,1117.2,1500.0,191.4,6
534,1884925,RTW | QUORTH,1116.0,1318.2,101.1,86
535,1601827,Lemon,1115.7,1580.7,232.5,8
536,3531989,ShineG4GWoke2 | xltl,1114.8,1334.2,109.7,24
537,3932776,Stelter,1114.5,1570.6,228.0,4
538,2591464,TFO256,1114.3,1729.3,307.5,1
539,2213920,Aura Ora!,1113.4,1239.1,62.8,101
540,1261375,TSM | Wylder,1108.2,1479.6,185.7,101
541,2890513,Blair,1108.2,1375.7,133.7,103
542,22047,BRED,1107.6,1596.4,244.4,7
543,1437134,Solfege,1105.9,1265.6,79.9,113
544,126395,Old LTCT,1105.2,1590.6,242.7,3
545,1159867,Gamez Zone | PrimeTime,1104.9,1529.8,212.4,4
546,1009070,Ego | TAMU-C | Maple,1104.7,1463.8,179.6,7
547,945989,AceAttorneyist,1103.2,1537.5,217.2,5
548,1592885,Adam,1103.2,1727.8,312.3,1
549,3053454,TM | Bardo,1101.8,1401.7,149.9,20
550,1145719,Toad,1096.6,1493.1,198.3,5
551,1565806,Charles,1095.8,1725.3,314.8,1
552,62609,ZSP | Fabiio,1094.2,1578.1,241.9,4
553,952373,ENC | Soto,1093.3,1376.0,141.4,67
554,1488238,Waypoint,1091.6,1711.9,310.2,1
555,1440849,ODSY | Tharpy,1090.3,1432.9,171.3,8
556,509977,Dabble,1088.0,1471.7,191.9,72
557,3696138,Suslord,1087.1,1379.8,146.4,30
558,490588,Paulo,1084.5,1463.6,189.6,7
559,1364219,GRNT | summitsun,1081.7,1475.7,197.0,11
560,866133,CookingMama,1081.4,1475.0,196.8,69
561,1723443,JBergs,1074.7,1368.6,146.9,70
562,2456696,Arkyluky,1074.3,1491.3,208.5,5
563,27632,TSG | Wolf,1073.5,1473.4,199.9,44
564,256273,Brownie,1072.0,1461.6,194.8,75
565,2820635,Jam,1071.3,1565.9,247.3,3
566,2896387,dbfc | gObe,1071.0,1281.1,105.0,89
567,2008062,Pango,1070.6,1671.5,300.5,1
568,3436214,Gmx,1069.0,1374.8,152.9,18
569,4589211,Raptor,1069.0,1563.6,247.3,3
570,1334807,KOPA,1068.7,1427.1,179.2,74
571,1039742,DA | Vice,1068.6,1542.7,237.0,6
572,2965327,B Team | Silly | Kira,1067.5,1197.1,64.8,105
573,1669700,Goldsmith,1067.2,1370.7,151.7,148
574,997455,8Tigre24,1066.6,1650.2,291.8,2
575,3892820,Gyler,1065.5,1530.0,232.2,3
576,2106082,butter,1064.7,1627.7,281.5,2
577,2802053,Billio,1064.7,1627.7,281.5,2
578,135614,PHNM | Storm,1064.3,1556.6,246.2,5
579,339291,Ragnellrok / Tom,1062.7,1609.9,273.6,3
580,1582252,ImYeah (A),1060.8,1273.1,106.1,76
581,3907225,UG,1060.5,1451.5,195.5,6
582,183126,GODFiDENT / eviL,1060.0,1474.6,207.3,13
583,1159658,Toogis,1059.9,1403.4,171.8,33
584,1154098,LOA5000,1058.6,1324.9,133.2,74
585,4614432,haste,1058.2,1279.0,110.4,24
586,4369447,cmeonline,1056.8,1464.3,203.8,6
587,3955123,Ganondong,1056.4,1442.5,193.0,5
588,1576596,Agua,1054.4,1515.9,230.7,4
589,1806789,TAMUC | Master byron,1052.8,1423.5,185.3,7
590,2689576,Broshi,1052.4,1295.0,121.3,33
591,147707,CCC | Rudy,1051.9,1552.6,250.3,4
592,2908736,MOB | Auresco,1050.8,1370.2,159.7,22
593,2093234,poo | Doi,1050.0,1386.9,168.4,71
594,4018244,aqua,1049.1,1425.0,188.0,6
595,56946,HQ | Unknown,1048.3,1432.7,192.2,7
596,544841,Zio,1043.9,1572.6,264.3,3
597,1459705,ryu,1043.4,1661.9,309.3,1
598,5341266,GuyGagné,1042.4,1297.4,127.5,12
599,4148593,Stelter,1040.8,1505.3,232.2,3
600,1810177,HU | AquaSerenity,1038.7,1162.8,62.0,95
601,5531108,CHP | MomHunter9009,1038.5,1550.9,256.2,3
602,41440,Master J.J.,1036.6,1210.2,86.8,95
603,1285987,HF,1036.5,1669.9,316.7,1
604,3419888,B Team | PikachuRaichu(B),1034.1,1197.8,81.8,107
605,428414,XIII | JKnight,1032.3,1374.8,171.2,111
606,3722643,Lilac Rain,1031.4,1465.0,216.8,4
607,1017520,808s | Muted,1030.5,1629.9,299.7,2
608,3759410,Moonbeam,1027.5,1366.8,169.6,12
609,128740,NSM | Salty Fun,1026.1,1594.1,284.0,2
610,148121,George,1025.6,1370.6,172.5,9
611,260300,MOB | cba,1025.3,1195.4,85.1,414
612,4345812,cstew,1024.2,1276.1,126.0,34
613,849725,Arc | RyuuJin,1020.7,1642.6,311.0,1
614,3614853,REV | Lightning,1019.2,1250.9,115.8,26
615,3238423,m?n | PHG/SJI | mom?gaming(A),1018.8,1141.3,61.3,130
616,172699,JamesB,1018.6,1171.7,76.6,57
617,2636721,CURSE,1018.2,1612.5,297.1,1
618,3205092,REV | MetalGearFear,1016.4,1445.8,214.7,5
619,777690,Mz. | fortyseven,1016.2,1593.4,288.6,2
620,850428,Flo,1015.8,1619.1,301.7,1
621,1713927,T.TVRussell_Senpai,1015.3,1494.3,239.5,3
622,4369445,cmeonline,1013.8,1486.4,236.3,3
623,328872,3.0,1013.0,1195.9,91.4,75
624,5358,Kamex / Papaya,1010.9,1650.6,319.9,2
625,321223,Heist | Experience,1009.1,1293.7,142.3,10
626,145261,Edwin,1008.1,1609.4,300.7,1
627,3759548,FREE AGENT | Onyx!~,1005.5,1159.5,77.0,55
628,279753,MOB | crimson,1004.7,1163.2,79.3,442
629,2791128,franiss,1003.2,1616.3,306.5,1
630,1883748,Hanler30,1001.3,1153.2,75.9,74
631,1437154,Thom,999.5,1457.3,228.9,9
632,4369446,cmeonline,999.0,1395.7,198.4,6
633,1036286,RoxasXIII,996.0,1621.4,312.7,1
634,3605518,francis,995.3,1390.4,197.5,7
635,2731822,Ansd,993.7,1328.8,167.5,7
636,3759411,MoistMayo,991.4,1332.1,170.3,11
637,541675,Togi,990.9,1329.7,169.4,74
638,1650939,Jay Razor,988.7,1514.2,262.8,3
639,26499,NA | Censored,987.4,1619.5,316.1,1
640,182145,Javi,986.3,1292.7,153.2,10
641,793599,Mr.Mudkip,984.7,1600.3,307.8,1
642,2333297,Sinbad,981.1,1610.8,314.9,1
643,2326839,Jackbozz,980.8,1282.7,151.0,71
644,4488560,Cheech,979.4,1371.5,196.1,5
645,2053683,VikVaughn,978.2,1415.2,218.5,3
646,1321120,Fire Guts | Kuuga,977.3,1394.5,208.6,4
647,434393,TR | Xsage93,976.8,1607.2,315.2,1
648,1586193,Cleaningproduct,975.1,1662.3,343.6,1
649,1287199,PhantomsCode,974.6,1528.9,277.2,2
650,2503807,Iona | Brick Eyes,974.1,1245.9,135.9,76
651,2716663,PWDR | SavageCube,973.9,1594.2,310.1,1
652,450353,Smooth,973.6,1426.2,226.3,6
653,1006188,GWU | PokeBlu,973.6,1355.6,191.0,12
654,13612,Shuzen,971.4,1603.0,315.8,1
655,982139,LuuvMiki,969.4,1158.5,94.5,88
656,2694799,Don Melon,966.8,1151.7,92.4,116
657,1738307,MikeyProHD,965.5,1604.3,319.4,1
658,971156,Unsponsored | ChefRoyardee,965.2,1311.5,173.2,63
659,18685,JLo,964.6,1295.5,165.4,56
660,3975151,Cheech,964.5,1369.2,202.3,5
661,1996784,Dudeguy,964.1,1236.7,136.3,38
662,3388699,Javi,962.2,1324.0,180.9,5
663,3067169,GORDO | TFO256,960.3,1587.2,313.4,1
664,1004616,el tumi,959.2,1304.8,172.8,94
665,3503498,Cylo,959.1,1438.7,239.8,3
666,4531433,Edgyninja,958.7,1142.1,91.7,43
667,413400,SonicBoxx | KingJak,956.9,1508.8,276.0,2
668,1187453,MOB | Rap,956.3,1219.5,131.6,44
669,1659305,MC | Ryzoluca,956.1,1264.2,154.1,57
670,4632807,thederpybird,956.0,1445.6,244.8,3
671,1332566,USA | Kibbss,955.0,1584.4,314.7,2
672,2010983,ScottGreene,947.9,1391.3,221.7,3
673,1500251,CC | Bizcocho,947.7,1299.8,176.1,95
674,4341096,JAVI,940.8,1292.4,175.8,6
675,606124,SSF2 | PlayfulPiano,939.5,1434.8,247.7,3
676,1210502,iLuvJesus | Bulbasir,938.2,1327.7,194.8,5
677,5521465,Bubington,937.5,1257.7,160.1,7
678,3384296,Luna,936.5,1369.7,216.6,3
679,2162564,CreamedLad,931.4,1314.6,191.6,5
680,3952279,WP | Zenko,929.7,1290.8,180.6,4
681,1609844,Premasaur,925.5,1591.3,332.9,1
682,1274,Black Mamba,925.5,1591.3,332.9,1
683,1586196,Status Quo,925.5,1591.3,332.9,1
684,1477426,SkilledRoy,923.9,1250.0,163.1,160
685,822534,CC | Vetta,921.6,1299.4,188.9,181
686,29507,21S | Skyhook,920.9,1476.0,277.6,2
687,2384154,Eco,920.7,1428.9,254.1,2
688,1441578,Happy Burns,919.5,1572.7,326.6,1
689,3545813,DrummerOfMetallica,916.9,1329.9,206.5,5
690,1588019,BART,914.5,1325.2,205.3,5
691,995288,BeerdGamer,913.4,1412.1,249.3,8
692,1471662,Carmel,913.4,1308.8,197.7,6
693,250041,GODFiDENT / AscendX,908.6,1247.7,169.6,70
694,3683175,MSU | dbfc | Chief Beef,906.7,1327.6,210.5,7
695,3038753,HomeFries,906.3,1288.7,191.2,6
696,3118355,CheeZYBrED,904.7,1210.2,152.7,22
697,1811106,poem.,903.8,1298.9,197.6,4
698,224062,Nick,902.1,1351.8,224.9,2
699,2414864,TekkNick,899.7,1266.5,183.4,27
700,5532492,BerrysNCream,897.5,1235.8,169.1,5
701,1894408,Emzy,896.8,1295.1,199.2,6
702,3121363,King Midas,895.4,1265.7,185.1,7
703,2811030,LuminaryEnds,894.9,1376.1,240.6,2
704,276602,George,893.3,1567.6,337.2,1
705,1025526,DED | mdemz,892.6,1243.5,175.5,146
706,152312,HexagonBear,892.4,1155.9,131.8,35
707,677867,JazzerThighs,892.4,1405.9,256.8,3
708,2155538,OE | zawg,889.2,1373.9,242.4,2
709,5471435,ColaBriss,886.5,1178.2,145.9,8
710,5440373,Flimmy,883.7,1245.8,181.0,4
711,1375339,Sansmyman,883.6,1471.7,294.0,3
712,4169800,lynxcero,882.4,1302.2,209.9,4
713,1544557,RW | | MSS,881.9,1179.3,148.7,10
714,2495516,CringeBaby,881.2,1273.2,196.0,5
715,804317,Stormblessed,880.8,1322.1,220.6,8
716,5341035,Slaughter,879.7,1132.9,126.6,14
717,3127896,Beempa Clan | Nick,877.6,1082.2,102.3,38
718,4922506,joueur,876.9,1225.0,174.0,5
719,2345159,MOB | JUBBAJUBBA,875.1,1113.4,119.2,35
720,1886939,Vorhees,874.5,1215.3,170.4,9
721,3340631,GojiTheYoshi,874.1,1395.9,260.9,2
722,1389046,norman,873.7,1557.3,341.8,1
723,4630950,TDB | ThatDerpyBird,873.6,1326.3,226.4,2
724,4870078,VRT | lakia,871.2,1359.6,244.2,2
725,1805042,Stromboli,870.0,1072.0,101.0,165
726,4310353,aidepole,869.3,1353.7,242.2,2
727,4486873,memer,869.2,1272.1,201.4,4
728,2262401,LegendaryCH,867.4,1325.4,229.0,2
729,4566783,Altar,866.4,1050.8,92.2,54
730,1207937,Eon | 天 | Snivy,864.9,1271.3,203.2,8
731,4305222,TengoCancer | TengoCancer,863.0,1301.5,219.3,3
732,1456448,LilBulb,862.9,1233.7,185.4,7
733,5010975,Toxic,862.7,1377.6,257.4,2
734,2163265,SFAM | VGY | Nishiro,861.8,1326.2,232.2,2
735,4614325,PEAK | MBS | Seel,860.8,1340.6,239.9,2
736,4589193,mTx | MOB | SteR ThA KiiD,860.3,1320.2,230.0,2
737,47104,thewaffleman,856.8,1542.4,342.8,1
738,4109077,Player 2,853.6,1391.1,268.8,2
739,157232,Kev,852.9,1223.4,185.3,7
740,1139807,DakuSky,851.2,1340.0,244.4,2
741,4741366,Breeze,849.4,1311.1,230.9,2
742,589695,Teddy,844.0,1324.3,240.2,2
743,2797430,おーど/OWD,843.1,1414.2,285.5,2
744,3579712,BER,842.5,1293.0,225.3,4
745,4754790,ryyyan,841.9,1270.0,214.0,4
746,4281177,Deific,839.9,1309.5,234.8,2
747,326428,SoDa,839.1,1350.8,255.9,3
748,4924179,Metabean75,837.8,1188.0,175.1,4
749,1340822,Jusst_Jesse,836.4,1338.3,251.0,2
750,5143467,Rey5,835.2,1350.9,257.8,1
751,4614255,dbfc | Red Rocket,834.3,1249.0,207.4,6
752,416640,Gawmer,833.5,1120.6,143.5,44
753,3591799,jacob,832.8,1252.3,209.7,4
754,5405967,jacob,832.1,1317.8,242.8,2
755,168626,WEED,831.4,1315.1,241.9,2
756,5471292,NIGHT!,831.2,1286.7,227.7,2
757,1599063,DJ,830.6,1343.0,256.2,4
758,5342631,mTx | MOB | SteR ThA KiiD,829.0,1319.0,245.0,2
759,2993682,voorhese,828.2,1250.6,211.2,4
760,4531067,AON | ZeroTwoNone is OVERRATED,824.1,1281.8,228.9,2
761,3903890,FBI | MaouSilver,823.5,1366.3,271.4,2
762,2744568,SCB | HeroXD,820.5,1226.5,203.0,8
763,1609419,Sky,817.8,1541.0,361.6,1
764,3970494,KingHig?,816.6,1291.6,237.5,2
765,4741386,CHP | Smurfposter,815.7,1301.7,243.0,2
766,4819061,Sir chedda,815.4,1252.2,218.4,4
767,1314991,Cookies,814.4,1152.4,169.0,45
768,29832,MATT | The Don,813.5,1321.3,253.9,2
769,3892624,UG-MAN,811.1,1333.6,261.3,2
770,4027081,S,809.9,1517.0,353.6,1
771,2463396,ZAP,809.3,1185.0,187.9,9
772,1518356,ΣΘΤ | #1 Twitter Shitter,809.2,1204.4,197.6,5
773,345133,LGBT | Zhalos,808.3,1136.4,164.1,22
774,5011824,jmadluck,807.8,1158.8,175.5,4
775,788383,SaladDressing / CampMonster,805.6,1392.9,293.6,2
776,4608792,L3th4L,805.0,1119.1,157.1,8
777,1686333,teej,803.5,1534.8,365.6,1
778,1686320,dyke,803.5,1534.8,365.6,1
779,3848914,Press,803.4,1222.7,209.7,4
780,3723364,kev,803.0,1230.5,213.7,4
781,279507,Monty,802.6,1193.4,195.4,5
782,4122237,mr. chef,800.5,1234.4,216.9,4
783,3471609,WOKE 2 | justrailly,800.4,1013.8,106.7,78
784,7596,QXTR,799.9,1535.5,367.8,1
785,3989839,Mr.GetOwned,799.6,1218.2,209.3,4
786,2373488,ThatOneHermit,798.7,1206.9,204.1,4
787,3630185,Pepsi Man,797.9,1225.9,214.0,4
788,4519990,GSG | MOB | Reed,797.7,1264.8,233.5,2
789,2583406,UMSV | SEN | Frozen,797.2,1016.4,109.6,35
790,67166,Figs / IamLuffytv,797.1,1346.1,274.5,5
791,1547674,MajesticLoaf,795.9,1533.5,368.8,1
792,3761380,GORDO | TFO256,795.8,1432.3,318.3,1
793,3863224,Kev,794.5,1243.1,224.3,4
794,3932471,cl3,793.0,1173.2,190.1,6
795,282201,ev,792.7,1438.4,322.8,1
796,5143466,Mehtars,789.8,1306.5,258.3,1
797,713123,Rockyino,789.5,1304.5,257.5,5
798,487333,FROOT,788.9,1259.8,235.4,4
799,217589,Fordham,788.7,1388.5,299.9,2
800,3843622,tastehercoffee,785.5,1342.3,278.4,1
801,342327,Heirophant,784.3,1297.0,256.4,4
802,3676876,NikoTheFox,783.3,1284.7,250.7,2
803,4665696,blip,781.2,1155.3,187.1,3
804,2553722,SwordDominant,780.9,1404.3,311.7,1
805,1891424,<>< | The Notorious D.U.Q.,780.8,1253.7,236.5,5
806,4629246,Fiestero,779.4,1330.5,275.5,2
807,1008360,Awesome | Brjorn,778.7,1136.0,178.7,7
808,231660,Orion,776.5,1343.8,283.7,1
809,250838,Sky | Skydierf,775.4,1309.7,267.1,3
810,1440439,Rara,775.2,1363.1,294.0,2
811,2934899,Itachi,774.5,1359.2,292.4,1
812,666023,WaVeYbAbY845,774.1,1172.1,199.0,4
813,255443,KenkakuSam,771.5,995.5,112.0,165
814,3655214,George,771.1,1200.9,214.9,4
815,3233229,Argonop,770.8,1107.0,168.1,20
816,2478946,CCNY | Ado,770.6,1381.7,305.6,1
817,1475381,TSP | ThitKho,769.2,1364.7,297.7,3
818,1837859,Yaliso,768.7,1421.9,326.6,1
819,2406431,Angelmedra,763.1,1408.6,322.7,1
820,2962351,Pado,762.8,1363.1,300.1,1
821,2385010,Hope..,762.8,1363.1,300.1,1
822,1088407,Izuoh,761.0,1165.0,202.0,34
823,5469785,Fat & $wag,760.5,1108.2,173.9,8
824,1162631,HDNights,759.7,1389.5,314.9,1
825,1171789,VL | Winter,758.8,1361.5,301.4,2
826,4789415,smblue,757.4,1210.2,226.4,2
827,3122783,Deestroy,757.2,1203.1,222.9,4
828,3019069,LoreMaster | Dusk,753.9,1269.1,257.6,2
829,1669057,69 haha | Smoools,752.8,1432.3,339.7,1
830,3687630,GRNT | Elam,752.0,1245.4,246.7,2
831,2847784,DandyMan,751.0,1204.7,226.9,3
832,1686336,doc,750.8,1439.1,344.1,1
833,1592904,Kenken,750.7,1366.0,307.7,2
834,1444927,Egg,750.3,1393.4,321.5,1
835,4685,vortex,748.3,1310.6,281.1,2
836,1589984,Gatsby,747.7,1388.3,320.3,2
837,2316067,Rockyino,747.6,1373.5,313.0,1
838,1658573,Source Code,747.6,1373.5,313.0,1
839,1647187,boi,747.5,1374.0,313.2,1
840,950669,Rat Gang | LV,746.1,1344.6,299.3,2
841,1251115,Eli,745.9,1396.4,325.2,1
842,1638905,George,745.4,1373.6,314.1,1
843,4930421,TOKNR,743.8,1031.4,143.8,17
844,135818,YeetGod,742.5,1241.8,249.7,4
845,1616525,coffee,740.5,1389.7,324.6,1
846,4569398,Chrisdol,739.6,966.7,113.6,33
847,1586204,Gatsby,738.4,1362.0,311.8,1
848,4537539,LuuvMiki,737.8,1220.5,241.3,2
849,3969306,CptHiBob,737.6,1260.4,261.4,2
850,1580943,Gatsby,737.3,1361.3,312.0,1
851,1507859,Adam,735.7,1369.9,317.1,1
852,3745058,DAG,734.0,1227.8,246.9,2
853,1548148,ENC | LATORR,731.7,1292.5,280.4,2
854,4922523,Mungo,731.6,1126.6,197.5,4
855,3892509,george,731.5,1178.0,223.2,4
856,3683989,qwerty,728.6,1169.6,220.5,4
857,355046,UberCheesecake,727.8,1289.8,281.0,2
858,2342205,HBK | Havoc,727.3,1345.3,309.0,1
859,1666428,Quick silver,725.9,1347.0,310.5,1
860,1033756,Moofs,721.7,1146.3,212.3,5
861,2359863,George,721.1,1337.8,308.4,1
862,2454296,15 | MichaelNinesFan15,719.9,1147.0,213.5,6
863,2972388,Saturn,714.7,1162.5,223.9,4
864,257973,Mulldrifter,706.5,1326.7,310.1,1
865,156936,ENC | Barry,702.9,1028.9,163.0,66
866,1006204,Lunarnaut,702.5,1174.5,236.0,3
867,3613119,Starzz,701.0,1337.7,318.3,1
868,1093927,Notorious D.U.Q.,697.7,1195.4,248.8,7
869,2731888,Cartoon,691.9,1337.7,322.9,1
870,1491803,Feet | boi,691.7,1312.1,310.2,1
871,4149565,SeaneBuns,690.7,1082.3,195.8,6
872,3613127,Kaiju24,690.4,1007.7,158.7,24
873,2432540,TSG | Marnix4PF,688.4,1202.6,257.1,3
874,1599016,Bwa,685.7,1306.5,310.4,1
875,2693674,oRion,680.3,1131.0,225.3,5
876,3173262,Stan,679.5,1294.9,307.7,1
877,2220198,Sylonma,679.5,1294.9,307.7,1
878,2643052,GIANT | DJnutz,679.5,1133.2,226.9,5
879,4018296,REV | LevelOne,677.3,1189.2,255.9,2
880,1592990,Maple / Jefff,677.2,1287.1,305.0,2
881,702928,George,668.3,1283.1,307.4,1
882,2436632,flimbus,668.3,1283.1,307.4,1
883,1579158,Gamesdean,666.0,1233.8,283.9,2
884,1254941,<>< | FishyBusines,665.2,1027.3,181.1,61
885,1655862,Blue,663.5,1285.4,311.0,1
886,2619317,Finesu!,660.0,1279.7,309.8,1
887,1584880,Gidthekid,656.1,1303.9,323.9,2
888,574317,Kidd,655.1,1255.9,300.4,2
889,1601730,kogsatsu,648.6,1279.1,315.3,1
890,5354859,Fayd,648.1,1202.3,277.1,1
891,5354847,Jacob,648.1,1202.3,277.1,1
892,5354852,DJ Gasmask,648.1,1202.3,277.1,1
893,5354849,TK1,648.1,1202.3,277.1,1
894,5354851,Seek,648.1,1202.3,277.1,1
895,5354845,Nate,648.1,1202.3,277.1,1
896,2791892,Pie | Chin341,642.8,1138.4,247.8,2
897,2201016,Ritual,642.4,1239.5,298.6,1
898,1661879,annieruok,637.9,1257.2,309.7,1
899,3101527,CL3,633.7,1145.7,256.0,2
900,5240,bye2,632.9,1183.4,275.3,3
901,1249968,El Bicho,632.7,1246.4,306.8,1
902,2399759,GanondorfPlays,629.4,996.7,183.7,5
903,15056,MHG | Koopa,625.0,1215.4,295.2,2
904,2947878,Celluba,618.0,1004.6,193.3,8
905,2813572,ScoffingConch87,616.2,1112.9,248.3,5
906,1895714,redbird,612.7,1235.2,311.3,1
907,2791464,franiss,612.7,1235.2,311.3,1
908,1431747,JWW,610.5,1068.3,228.9,9
909,3983067,George,606.2,1204.1,299.0,1
910,2935350,Shmoneyman,603.8,1213.9,305.0,1
911,1686282,megacam1,602.9,1235.6,316.4,1
912,1023844,WiseMansGame,588.0,1223.7,317.9,1
913,1723601,flapjack,577.3,1110.0,266.3,2
914,4148242,MOB | Bobo,575.3,1079.5,252.1,2
915,2641542,Dancer,574.9,898.2,161.6,106
916,2716367,IONA | Moat,574.1,1230.4,328.2,1
917,2559661,Willy D,574.1,1230.4,328.2,1
918,580964,CocoMangoCherry,565.5,985.2,209.8,52
919,4917246,YeetGod,555.2,997.0,220.9,4
920,3098383,CL3,550.3,1048.1,248.9,2
921,1995168,Mussy!,546.8,923.3,188.2,18
922,2083546,Awesometems,542.2,1037.8,247.8,8
923,56461,HDR | Arique,535.6,852.3,158.4,70
924,2923257,AGENTSLYFOX,529.1,1157.7,314.3,1
925,405448,Lucienflash,498.5,1045.4,273.4,3
926,265022,VentoLivre,486.7,1150.4,331.9,1
927,3252832,George,451.7,1099.8,324.0,1
928,2638577,IDk,438.6,1121.6,341.5,1
929,982874,Filthyy,398.6,1048.1,324.8,2
930,952370,ENC | B1ggyCh33s3,378.5,979.9,300.7,3
931,57305,CaesarTheSalad,371.1,1068.3,348.6,1
932,2472231,Sky,343.8,1037.5,346.8,1
933,2455864,Dust_2?,336.6,1032.9,348.2,1
934,1609380,Blue,286.8,1010.1,361.6,1
